Peptide	Charge	Type	NCE
AAAFLAVLVASAPR	2	HCD	25
AAASGYTDLREK	2	HCD	25
AACVALLLPGAPARGYTGR	3	HCD	25
AADMLSGPR	2	HCD	25
AADRLEQELLR	3	HCD	25
AADTIEALQK	2	HCD	25
AAEEPSKVEEK	2	HCD	25
AAEMEHLLER	2	HCD	25
AAEPGLVK	2	HCD	25
AAGGDHGSPDSYR	2	HCD	25
AAGLSRGL	2	HCD	25
AAHIAVLDSEIFLEK	3	HCD	25
AAHTFLIHGSR	3	HCD	25
AAIGLLAR	2	HCD	25
AALDFVVEEDLK	2	HCD	25
AALDGPLDAALDHLR	3	HCD	25
AALEAIDELDLFGAHGGRK	4	HCD	25
AALPAVRPAPR	2	HCD	25
AALTLPR	2	HCD	25
AANDAGYFNDEMAPIEVK	2	HCD	25
AANNLIVLGR	2	HCD	25
AAPDDPSGFAVLASCAR	2	HCD	25
AAQLATEIADIK	2	HCD	25
AARAPSATEGALTR	3	HCD	25
AASDSNPAGPLRDK	3	HCD	25
AASIENVLQDSSPEHCGR	3	HCD	25
AATEEASSRSPKIDQK	3	HCD	25
AATTQLVSNSGLAVSGKENK	2	HCD	25
AAVDLEISSASR	2	HCD	25
AAVESLGFILFR	2	HCD	25
AAVQVLDDIEK	2	HCD	25
AAWEAYLSR	2	HCD	25
ACDGMGGAMHK	3	HCD	25
ADDILASPPR	2	HCD	25
ADHGDELPFVFR	2	HCD	25
ADILQVGLR	2	HCD	25
ADLDEEMIVLLKR	3	HCD	25
ADLEDKTPDQLNK	3	HCD	25
ADLLTLPGAEAGAHGSR	2	HCD	25
ADLNQGIGEPQSPSR	2	HCD	25
ADNFEYSDPVDGSISR	2	HCD	25
ADPLHVALEVATK	3	HCD	25
ADQEALLEK	2	HCD	25
ADSLTMEER	2	HCD	25
ADSPSIDYAELLQHFEK	3	HCD	25
ADTQAQALCAQCAEK	2	HCD	25
AEAALTAAQK	2	HCD	25
AEAQEAEDQQAR	2	HCD	25
AEEEGYFEAFK	2	HCD	25
AEEVFEVK	2	HCD	25
AEFAAPSTDAPDK	2	HCD	25
AEGGYFGQIR	2	HCD	25
AEGSAVSDPQHAAR	3	HCD	25
AEIDLVCELAK	2	HCD	25
AELLPTIK	2	HCD	25
AELRVMAEGR	3	HCD	25
AEMADQAAAWLTR	2	HCD	25
AEMLEIVQAIYK	2	HCD	25
AENFFILR	2	HCD	25
AENGGRPPHHPFETK	4	HCD	25
AENQDLNEDHDAK	2	HCD	25
AEPLNLFRPFVLQR	3	HCD	25
AESLALK	2	HCD	25
AETHILAEKETEINR	4	HCD	25
AETLWNIQK	2	HCD	25
AETYDFLFK	2	HCD	25
AEWLLAVR	2	HCD	25
AFALEVIK	2	HCD	25
AFDITYTLEYSRLK	3	HCD	25
AFDRPSLFQIHER	3	HCD	25
AFEESLSTLK	2	HCD	25
AFEVLDSAKR	3	HCD	25
AFGQSSNLQHHLR	3	HCD	25
AFGVGSELTR	2	HCD	25
AFGWSTYLSKHK	3	HCD	25
AFHENDTIYSLTSAGR	3	HCD	25
AFIQKSNLIR	2	HCD	25
AFISSSHFR	2	HCD	25
AFKVWSDVTPLNFTR	3	HCD	25
AFLAVSVK	2	HCD	25
AFLIEPEHVNTVGYGK	3	HCD	25
AFNHFSHLTTHK	3	HCD	25
AFNHFSILTK	3	HCD	25
AFNLSSDLNTHKR	3	HCD	25
AFNQGSTLNR	2	HCD	25
AFNQISQLVEHER	3	HCD	25
AFQFHLEGKPR	2	HCD	25
AFSFCYQQEIESTK	2	HCD	25
AFSIQTPEQYYFCYK	2	HCD	25
AFSLSSSLTYHK	2	HCD	25
AFSPVRSIR	2	HCD	25
AFSQSSSLVTHQK	2	HCD	25
AFSQTSCLIQHHK	3	HCD	25
AFSTSSPLAKHQR	2	HCD	25
AFSYHHSFQSRGR	4	HCD	25
AFVDFLSDEIK	2	HCD	25
AFVVFQHFIR	3	HCD	25
AFYAELYHIISSNLEK	3	HCD	25
AFYSGSSLTQHQR	2	HCD	25
AFYSPSSFQRHER	4	HCD	25
AGAAGGPEEEAEKPVK	2	HCD	25
AGAGALLR	2	HCD	25
AGASPATSKTLAFSIER	3	HCD	25
AGDVEEDASQLIFPK	2	HCD	25
AGEHGVWEKPR	2	HCD	25
AGEQVTYTCATYYK	2	HCD	25
AGFLYTGEGDTVR	2	HCD	25
AGFRPVEAGGQHGGR	4	HCD	25
AGGVASGLNHVLTNDLTAK	3	HCD	25
AGHSLELIEPLIK	3	HCD	25
AGLFHGTELLCK	3	HCD	25
AGLGSGLSLSGLVHPELSR	3	HCD	25
AGLVDDFEK	2	HCD	25
AGLVVEDALFETLPSDVR	2	HCD	25
AGNSEVYVVCLHYK	2	HCD	25
AGPELLLDSNIR	2	HCD	25
AGPLDCRGSPHQLPTPVK	3	HCD	25
AGQAVDDFIEK	2	HCD	25
AGQDISADLDGPPHR	3	HCD	25
AGSQEAEVGSDGER	2	HCD	25
AGVPGVAAPGAPAAAPPAK	2	HCD	25
AGYAHFLNVQGR	3	HCD	25
AHAEAWHLYNDVYR	3	HCD	25
AHEGVQLSVPEYR	3	HCD	25
AHIHMLLEGLR	3	HCD	25
AHIPNFTFNLGYSGK	3	HCD	25
AHPSPGMDSRIK	3	HCD	25
AHSALVLAFR	2	HCD	25
AHSSMVGVNLPHK	3	HCD	25
AHYGGFTVQNEANK	3	HCD	25
AIACLLFGGSR	2	HCD	25
AIATTVTYPLQTVQSILR	2	HCD	25
AIEDYINEFSVR	2	HCD	25
AIEQLKEQAATGK	3	HCD	25
AIFPDNYDAEEREK	3	HCD	25
AIGDGEDEMLFTR	2	HCD	25
AIGIEPSLATYHHIIR	3	HCD	25
AIGLQMALDLLANK	2	HCD	25
AIHVLDVEQGQLER	3	HCD	25
AIILAAAPGEK	2	HCD	25
AILTTIGVLEEPLGNAR	2	HCD	25
AINLLFDIAR	2	HCD	25
AIQDAILEVLK	2	HCD	25
AIRPTVAIPHEPVSSR	2	HCD	25
AIRPTVAIPHEPVSSR	4	HCD	25
AITFFTEDDKPLLR	3	HCD	25
AITIAGVPQSVTECVK	2	HCD	25
AITPECVVGWSRR	3	HCD	25
AIVADPRVPR	3	HCD	25
AIYLMQKALLIFEK	2	HCD	25
AKALSEQLSVSEGTK	2	HCD	25
AKDDSELEGQVISCLK	3	HCD	25
AKPKDMTSSQWFK	3	HCD	25
AKQEELEAALQR	2	HCD	25
ALAAMVEDLTERALEAK	3	HCD	25
ALAEEWGCPFMETSAK	2	HCD	25
ALALLEDEER	2	HCD	25
ALAPSAECPIAEENLAR	2	HCD	25
ALASQLQDSLK	2	HCD	25
ALAVVYGPHEIR	3	HCD	25
ALDETDSPRQR	3	HCD	25
ALDGLQREAMEELGK	3	HCD	25
ALDITTSDRDR	3	HCD	25
ALDPQSSPGLGR	2	HCD	25
ALDYIASK	2	HCD	25
ALEAVFGK	2	HCD	25
ALEEELAGLK	2	HCD	25
ALEINTEESR	2	HCD	25
ALEPVFLPPYDSK	2	HCD	25
ALERFEQEAVAVDSNLR	2	HCD	25
ALESIEYVQTFK	2	HCD	25
ALETIGANLQK	2	HCD	25
ALFNHIDK	2	HCD	25
ALGGLACDLPGR	2	HCD	25
ALHELNPR	2	HCD	25
ALHQVFEHMLDVSK	2	HCD	25
ALHQVFEHMLDVSK	4	HCD	25
ALIGTGSFSRVVR	2	HCD	25
ALIPLALEGTDVGQTK	2	HCD	25
ALIQILAAAAAER	2	HCD	25
ALIVLAHSER	2	HCD	25
ALKPGVIQILGVK	2	HCD	25
ALLATQSDYFR	2	HCD	25
ALLDPFLRLK	3	HCD	25
ALLGYADNQCK	2	HCD	25
ALLHYNEEAVQINPK	3	HCD	25
ALLQSSASR	2	HCD	25
ALLTPVAIAAGR	2	HCD	25
ALLYFSR	2	HCD	25
ALMLELK	2	HCD	25
ALNQNNTPLLSLK	2	HCD	25
ALNVSEHAR	2	HCD	25
ALPSGLSDSK	2	HCD	25
ALQLEEELFQLR	2	HCD	25
ALRGPALLDAAIPR	2	HCD	25
ALSAQQQTLK	2	HCD	25
ALSGVLEQDR	2	HCD	25
ALSPEGALR	2	HCD	25
ALTGGIAHLFK	2	HCD	25
ALTLLDYLIK	2	HCD	25
ALTLQKGMVMAYK	3	HCD	25
ALTPPSYSTAKNSLGSR	3	HCD	25
ALVNVEWNICQDCK	2	HCD	25
ALWFQGR	2	HCD	25
ALYLVNWIWR	2	HCD	25
ANAEIAQVR	2	HCD	25
ANEGTSSIVMEIQK	2	HCD	25
ANEQLTDELAQK	2	HCD	25
ANKHIDQVYNTFDTNK	3	HCD	25
ANMVSSCELELQEQSLR	2	HCD	25
ANSPSLFGTEGKPK	3	HCD	25
ANVFVQLPR	2	HCD	25
ANWYFLLAR	2	HCD	25
APAFSMGIRHSK	3	HCD	25
APASGPERIV	2	HCD	25
APDALSHTPSVR	3	HCD	25
APEDAGPQPGSYEIR	2	HCD	25
APEFPILEK	2	HCD	25
APEPHVEEDDDDELDSK	2	HCD	25
APGEGPQVACTGPPSAPR	2	HCD	25
APGSPLSSEGAAGEGVR	2	HCD	25
APHPGASPTYSPWVHGYK	3	HCD	25
APIVTVGVNNDPADVR	2	HCD	25
APLEVAQEH	2	HCD	25
APNPTATSPPASAPR	2	HCD	25
APQVLVLAPTR	2	HCD	25
APSILSVLKQNK	2	HCD	25
APSSSSLNSATSSQSKK	2	HCD	25
APSVPAAEPEYPK	2	HCD	25
APTMDAQQDRPK	3	HCD	25
APVEGIGQPEK	2	HCD	25
APVGSAPGTSFLGSEPAR	3	HCD	25
APVIWDNIHANDYDQK	3	HCD	25
APVQLLMHRPEK	3	HCD	25
AQAEALALQASLR	2	HCD	25
AQCPIVER	2	HCD	25
AQFEGIVTDLIR	2	HCD	25
AQHPPLPPPSTLQGR	3	HCD	25
AQILVADTWSVLEGK	2	HCD	25
AQLAHYNFQFVVGQK	3	HCD	25
AQLGDLPWQVAIK	2	HCD	25
AQLGPDESK	2	HCD	25
AQPSVSLGAPYR	2	HCD	25
AQQEHQSLLEK	3	HCD	25
AQQQQVKQPCQPPPVK	3	HCD	25
AQRPHGGAEASGGLR	3	HCD	25
AQSQLVAGIK	2	HCD	25
AQVIYTR	2	HCD	25
AQVPPPLLSPQVPVSLLK	2	HCD	25
AQVQLDSDHLEEDIHR	4	HCD	25
AQYEEIANR	2	HCD	25
ARDIIDYESDVEPETK	2	HCD	25
ARMEAMLKEQR	3	HCD	25
ARQASLEGATQPHK	4	HCD	25
ARSPPQPLGELK	3	HCD	25
ASAHLDQVFGLNLR	3	HCD	25
ASAPAADPPR	2	HCD	25
ASAQDAGDHVQPPEGR	3	HCD	25
ASDQCLKEQSCSTK	3	HCD	25
ASLADALPLHIAPR	2	HCD	25
ASLCNLYNWR	2	HCD	25
ASLISAVSDKLR	3	HCD	25
ASNLLYGQLK	2	HCD	25
ASPLFYESR	2	HCD	25
ASQELEMSLKPEEPGK	2	HCD	25
ASSFDFNGPYLGPPHSR	2	HCD	25
ASSLGEIDESSELR	2	HCD	25
ASTVGEIVNLMSVDAQR	2	HCD	25
ASVITQVFHVPLEER	3	HCD	25
ASYCGHTEIAR	3	HCD	25
ATADDFIHQHFTEVYK	3	HCD	25
ATAEQISSQTGNK	2	HCD	25
ATALQKFLAQNR	3	HCD	25
ATCLAELQEFGRALR	3	HCD	25
ATDFVVPGPGK	2	HCD	25
ATEKFEEFLAILK	3	HCD	25
ATEPAADTGAQPK	2	HCD	25
ATFSPIVTLEPR	2	HCD	25
ATISDEEIER	2	HCD	25
ATKPQPVNTSSVTVK	3	HCD	25
ATLGHFYER	2	HCD	25
ATLPGFR	2	HCD	25
ATLYVTAIEDR	2	HCD	25
ATPIESHQVEKR	3	HCD	25
ATQFIQR	2	HCD	25
ATQQAEQLSNELATER	2	HCD	25
ATSEREACGLAIFSK	3	HCD	25
ATTALLLSFLGR	2	HCD	25
ATVMFECDK	2	HCD	25
AVAAQEEPDKEGK	2	HCD	25
AVAQALEVIPR	2	HCD	25
AVDFTTVKFLLQDSR	2	HCD	25
AVDGKAVCGQCER	3	HCD	25
AVEHPSVPESPEFVR	2	HCD	25
AVENSSTAIGIR	2	HCD	25
AVGDPSPAVK	2	HCD	25
AVGSISSTAFDIR	2	HCD	25
AVIPEAVVEVLDPK	2	HCD	25
AVLAAASPYFHDK	3	HCD	25
AVLHVALR	2	HCD	25
AVLKNLYK	2	HCD	25
AVLNPLCQVDYR	2	HCD	25
AVLQALEVLPVAPPPEPR	2	HCD	25
AVLSHTFGGPLLK	3	HCD	25
AVNTQALSGAGILR	2	HCD	25
AVQAFVDGSAIQVLK	2	HCD	25
AVQGFHTGVHQAGK	2	HCD	25
AVQQYLEETQNK	2	HCD	25
AVSLTHLDLR	3	HCD	25
AVVLEYFTR	2	HCD	25
AVVTHSSGNHGQALTYAAK	4	HCD	25
AVVVHAGEDDLGR	3	HCD	25
AWGNNQDGVVASQPAR	2	HCD	25
AYAALAALEK	2	HCD	25
AYDAVQLFALTGPAESK	2	HCD	25
AYEDQTKPVLEYYQK	3	HCD	25
AYNHHIQELQR	3	HCD	25
AYPLADAHLTK	3	HCD	25
AYSEAHEISK	2	HCD	25
AYSYSASPQR	2	HCD	25
AYTPVVVTLWYR	2	HCD	25
AYVPIAQVK	2	HCD	25
AYVTLNGKEVVDDLGQK	3	HCD	25
CAVKPVELLPR	3	HCD	25
CDGVSDCKDGEDEYR	3	HCD	25
CESCYGAEAEDIK	2	HCD	25
CGSSEDLHDSVR	3	HCD	25
CIHEDLLGLTFR	3	HCD	25
CIVIEPAQLLK	2	HCD	25
CLDENLEDASQCK	2	HCD	25
CLKDPSIFQVAR	3	HCD	25
CLSETHGEREPCK	4	HCD	25
CLVGEFVSDVLLVPEK	2	HCD	25
CQECGKVFNR	3	HCD	25
CRPPVGCEELVR	3	HCD	25
CTLQDPDGQR	2	HCD	25
CTVSGWGTVTSPR	2	HCD	25
CYVQPQWVFDSVNAR	2	HCD	25
DAAFATLVSDR	2	HCD	25
DAALLCVR	2	HCD	25
DADEIKEHLFFQK	3	HCD	25
DAEPAGDTRAPR	2	HCD	25
DAFPTFSVQLR	2	HCD	25
DAGADLDKPEPTCGR	3	HCD	25
DAISIFHYAK	2	HCD	25
DALGALLR	2	HCD	25
DALKTEFK	2	HCD	25
DAPGATPNAGWEGNVRAIK	2	HCD	25
DAPHVEPDFSSQK	2	HCD	25
DAPSELLRK	2	HCD	25
DASESPGENCQHLLAR	2	HCD	25
DATAFCAELLHVK	2	HCD	25
DATPTEEPMATALGLER	2	HCD	25
DATYRFTIVNLLKPK	3	HCD	25
DAYQVTDNLVLSIHK	2	HCD	25
DCAHRSWPR	3	HCD	25
DCHEEVYAGSHQYPGR	3	HCD	25
DCKPLLLDNIHFSGVK	3	HCD	25
DCLTLIPAFSR	2	HCD	25
DCQNYIK	2	HCD	25
DDDSLSEASHSK	2	HCD	25
DDESHFSEILLR	2	HCD	25
DDGVFVQEVTQNSPAAR	2	HCD	25
DDLTKLK	2	HCD	25
DDQLGPRELK	2	HCD	25
DDSTCNSTVETR	2	HCD	25
DDTASHEPALHR	3	HCD	25
DEDDIKLSDADLR	2	HCD	25
DEDVHFDLAVKK	2	HCD	25
DEFPGQAVANVIDENVK	2	HCD	25
DELAYWGIDEARLER	2	HCD	25
DELEVPCGLSAVQAK	2	HCD	25
DELNADHPFIYIIR	3	HCD	25
DENFSVPHNKR	2	HCD	25
DEPGAWEETFK	2	HCD	25
DESTCSVVRPLTK	2	HCD	25
DETEFYLGK	2	HCD	25
DFAGIQVGK	2	HCD	25
DFEEYPEHR	2	HCD	25
DFFLANASR	2	HCD	25
DFHINFLEK	2	HCD	25
DFLDSREPHR	3	HCD	25
DFNMPLTISSLK	2	HCD	25
DFPLSGYVELR	2	HCD	25
DFSFIDQTSVLDSSALK	2	HCD	25
DFSSDLSPTKPVPVGDGVK	2	HCD	25
DFTAHTGYEVLLQR	2	HCD	25
DFTATDLSEFAAK	2	HCD	25
DFVDLSTGEDAHK	2	HCD	25
DFVFPLLPNEELREK	2	HCD	25
DFVSVLHR	2	HCD	25
DFYNSIVNVAQKR	3	HCD	25
DGASCAELVSFK	2	HCD	25
DGDTILLNCLEAFKR	2	HCD	25
DGEEFLFRTGLGILR	2	HCD	25
DGETGAAGPPGPAGPAGER	2	HCD	25
DGFISAR	2	HCD	25
DGGLGGLFLPEDK	2	HCD	25
DGIILCELINK	2	HCD	25
DGLALCALIHR	2	HCD	25
DGLEMEK	2	HCD	25
DGLMALSVR	2	HCD	25
DGPSLLVVEQVR	2	HCD	25
DGRAELPAFPR	2	HCD	25
DGSAYQGALLPR	2	HCD	25
DGSLSHEEDLAK	2	HCD	25
DGTHVLQGLSSR	2	HCD	25
DGVLLLQALTR	2	HCD	25
DGVTVAVISGEALGIK	2	HCD	25
DGYWFLK	2	HCD	25
DHAYALAVSSTK	2	HCD	25
DHENYVACSR	3	HCD	25
DHPLPEVAHVK	2	HCD	25
DHQYQFLEDAVR	2	HCD	25
DHSDSDDQMLVAK	2	HCD	25
DIAPSNHYSLQR	3	HCD	25
DIASGLIGPLIICK	2	HCD	25
DIDAFWLQR	2	HCD	25
DIEHLTSLDFFR	3	HCD	25
DIEISTEEEKDTGDLK	3	HCD	25
DIFAEALKIQESEEK	3	HCD	25
DIHDFEFQSQKDER	3	HCD	25
DIIDESGQHNFSK	2	HCD	25
DIIKMLGLEK	2	HCD	25
DIIPETLFIPR	2	HCD	25
DILEPDAAEPDVQR	2	HCD	25
DILYVFQGIDGK	2	HCD	25
DIPMSDSLYR	2	HCD	25
DIPVLVATDVAAR	2	HCD	25
DIPVVHQLLTR	3	HCD	25
DISAPNDGTAQR	2	HCD	25
DISSTLIALADK	2	HCD	25
DITLEASR	2	HCD	25
DIVENYFMR	2	HCD	25
DIVHSGLAYTMER	3	HCD	25
DKDFAIDIIK	2	HCD	25
DKECGQLLISENQK	3	HCD	25
DKLELSFSK	2	HCD	25
DKNWQTPLHVAAANK	3	HCD	25
DKPPLVELGVLYEGK	3	HCD	25
DKYNEAVHVEPVR	3	HCD	25
DLAEITTLDR	2	HCD	25
DLATVYVDVLK	2	HCD	25
DLCTSGQGKYSDR	3	HCD	25
DLEFCLEEHR	2	HCD	25
DLEILHQQNIHQLQNR	3	HCD	25
DLEKDDELELKR	2	HCD	25
DLEPVLSVGVFNNK	2	HCD	25
DLESFNEDFLK	2	HCD	25
DLESFNEDFLKR	3	HCD	25
DLEVVEGSAAR	2	HCD	25
DLFHGATFVPR	2	HCD	25
DLFPYEESK	2	HCD	25
DLGIFGLYK	2	HCD	25
DLHQGIEAASDEEDLR	2	HCD	25
DLIGPALPPGFK	2	HCD	25
DLIIQHIPGFWVK	3	HCD	25
DLILQCLDDKDESIR	3	HCD	25
DLISKNIAEPTLK	2	HCD	25
DLKFGIDR	2	HCD	25
DLKPENIVLQQGEQR	3	HCD	25
DLKPENLILDAEGYLK	3	HCD	25
DLKPQNILLSNPAGR	3	HCD	25
DLKPVLDSYVFNDGSSR	3	HCD	25
DLLLPIKTPTTNAVHK	3	HCD	25
DLLLQALR	2	HCD	25
DLLSISDGR	2	HCD	25
DLLVVAHDLIR	2	HCD	25
DLNSVLADNLK	2	HCD	25
DLPDEIPLPLVIGTK	2	HCD	25
DLPEFGTQGGVHVHK	3	HCD	25
DLQGLTVEHAIDSFR	2	HCD	25
DLQSNVEHLTEK	2	HCD	25
DLSEVSETTESTDVK	2	HCD	25
DLSGASPSGSGKQR	3	HCD	25
DLSQHDQVNLLK	2	HCD	25
DLSTIEPLKQLENLK	2	HCD	25
DLSYCLSGMYDHR	3	HCD	25
DLTASNKVSLALLQK	3	HCD	25
DLVLGPSGVLQGIRPGK	3	HCD	25
DLVQDPSLLGGTISAYK	2	HCD	25
DLYSALIK	2	HCD	25
DMHTHMVKFNQR	4	HCD	25
DMLKALR	2	HCD	25
DNAKNSLYLQMNSLR	2	HCD	25
DNEVNHALEQQEAK	2	HCD	25
DNGGDAASNLLYR	2	HCD	25
DNGGRTVECYVVER	3	HCD	25
DNPKPNVSEALR	3	HCD	25
DNSGATVLHLAAR	2	HCD	25
DNSTMGYMAAK	2	HCD	25
DPAETLHLSEPLGGK	2	HCD	25
DPAITSILEK	2	HCD	25
DPDIWHVGFK	3	HCD	25
DPEFVFYDQLK	2	HCD	25
DPLQTDTLQNDYFAIK	2	HCD	25
DPPSEANSIQSANATTK	2	HCD	25
DPRNLQSEVK	2	HCD	25
DPRVQENPGDQR	2	HCD	25
DPSPNELDLEK	2	HCD	25
DPTGPAAGPSR	2	HCD	25
DQALQLQVLNSR	2	HCD	25
DQEFKMVGGQIFVDR	3	HCD	25
DQEKEYYEPQHR	3	HCD	25
DQHFRGDNEEQEK	3	HCD	25
DQLNDQYLELLEK	2	HCD	25
DQPFTILYR	2	HCD	25
DQSAVVVQGLPEGVAFK	2	HCD	25
DQTRTYFQIITVTTDK	3	HCD	25
DRDVYLVIEDLK	2	HCD	25
DREDDQYSHLQGNQLR	2	HCD	25
DRLEGLLAFK	2	HCD	25
DRVEPQSVSLSWR	2	HCD	25
DSACDESSCIPKAFGNPK	2	HCD	25
DSALQMGSIKEK	2	HCD	25
DSAQCAAIAER	2	HCD	25
DSDKTDTDWR	2	HCD	25
DSERDELYAQWGK	2	HCD	25
DSESSKPSFMPR	2	HCD	25
DSFQEIILR	2	HCD	25
DSIFFRDGIR	2	HCD	25
DSLFVLAGFKWQDFK	2	HCD	25
DSLKELEELMQNSR	2	HCD	25
DSNFAGDLVR	2	HCD	25
DSSDFGAPHPQVQSVR	2	HCD	25
DSSGNLHGYVAEGGAK	2	HCD	25
DSSLENEIAVLKK	2	HCD	25
DSSLVQLSESK	2	HCD	25
DSVMVLSATHR	2	HCD	25
DTAASGYGTQNIR	2	HCD	25
DTEEMLSK	2	HCD	25
DTFHFQREEK	2	HCD	25
DTGPEDSYSSSAIHR	2	HCD	25
DTGQLYAALHHR	2	HCD	25
DTILAELLQIHK	2	HCD	25
DTIMAHVTEFHNGHR	4	HCD	25
DTLPPQKPELK	3	HCD	25
DTNGSQFFITTVK	2	HCD	25
DTQLQQIVDK	2	HCD	25
DVAACLELARPGSSR	2	HCD	25
DVAEHSQVAELQEHK	2	HCD	25
DVAHSIIFEVK	2	HCD	25
DVCTELLPLIKPQGR	3	HCD	25
DVEDMFSR	2	HCD	25
DVEHNVSPGYNFR	3	HCD	25
DVFLGETVPFIK	2	HCD	25
DVLEVLDDSR	2	HCD	25
DVLQHVDSMQK	3	HCD	25
DVMLENFRNLLSVGGK	2	HCD	25
DVNERPPQPQASVPLR	3	HCD	25
DVNPLELEQTIRFR	3	HCD	25
DVSQELDPDLYK	2	HCD	25
DVTNNVHYENYR	2	HCD	25
DVVLTTTFVDDIK	2	HCD	25
DVYCRLK	2	HCD	25
DVYVTTHTPR	3	HCD	25
DWDQPVADWK	2	HCD	25
DWVIPPINLPENSR	2	HCD	25
DYFQEVILRQYK	3	HCD	25
DYHFVNATEESDALAK	2	HCD	25
DYLVDAATQIR	2	HCD	25
DYWDFLCTALRR	3	HCD	25
DYYQLLVTRSQVIF	2	HCD	25
EAAIWELEER	2	HCD	25
EAATNGVLLYLDK	2	HCD	25
EAAWDQALHR	3	HCD	25
EADSIAAVAELR	2	HCD	25
EAEILSLEGAIAQR	2	HCD	25
EAEMLIGPQLDEKR	3	HCD	25
EAFEEAGVLLLRPR	2	HCD	25
EAFELFDR	2	HCD	25
EAFLKMLR	2	HCD	25
EAFVVEEWVK	2	HCD	25
EAGISDYLTIEELVK	2	HCD	25
EAIESAIGGNAYQHSK	2	HCD	25
EAIFQDTMR	2	HCD	25
EAILAHGAGEAVLSVSR	3	HCD	25
EAINITLDHK	2	HCD	25
EAKEPEQQEQFETELK	2	HCD	25
EALDTSDWEEKEFGFR	2	HCD	25
EALIQFLEQVHQGIK	2	HCD	25
EALLSSAVDHGSDEVK	2	HCD	25
EALPDILTSIIR	2	HCD	25
EANATEWKSSQR	2	HCD	25
EAPVPSLHLK	2	HCD	25
EAQEFVK	2	HCD	25
EAREDLEVHQAK	2	HCD	25
EARISPLGDR	2	HCD	25
EASQKLLWWLQPR	3	HCD	25
EATLQDCPSGPWGK	2	HCD	25
EATVPDLK	2	HCD	25
EAVAAGDVDLPQVR	2	HCD	25
EAVNLQQDAFVVIGR	2	HCD	25
EAVQAPGYPEPARK	3	HCD	25
EAWFSPVHTYPLLATR	2	HCD	25
EAWVSSSLFGVSR	2	HCD	25
ECAEPALGLLAEK	2	HCD	25
ECFKTSSENPLVIK	3	HCD	25
ECGKAFNQTSHLIR	4	HCD	25
ECGKAFTQSSGLSTHLR	3	HCD	25
ECGKAFYQSSILSK	3	HCD	25
ECLPLIIFLR	2	HCD	25
ECQGAPVTASHFR	3	HCD	25
ECYLEGDQTSLYHAAK	2	HCD	25
EDAKGMEDEGQTK	2	HCD	25
EDAVSFAEK	2	HCD	25
EDDSSQSSTCVVDTTTR	3	HCD	25
EDMLKIVNPR	3	HCD	25
EDNKSILLNPGPR	2	HCD	25
EDQTLALLNQFK	2	HCD	25
EDVSELRNELQR	2	HCD	25
EDVYVVGTVLR	2	HCD	25
EEAPQWLESDSCQK	2	HCD	25
EEAVAKALHHLGR	3	HCD	25
EEEAARLALEEATK	3	HCD	25
EEEELDPR	2	HCD	25
EEEIETLNEMSHK	3	HCD	25
EEEPLNIHSFSKER	3	HCD	25
EEEPPRPAVAGPR	3	HCD	25
EEFGAEPELAVSAPGR	2	HCD	25
EEFLTLIR	2	HCD	25
EEHASYHLR	3	HCD	25
EEIIPVAAEYDK	2	HCD	25
EEKLEAVDHK	2	HCD	25
EELAQQYEAILR	2	HCD	25
EELLELARK	2	HCD	25
EELVAEQAIK	2	HCD	25
EENAEQQALAAK	2	HCD	25
EENVLEFASK	2	HCD	25
EEPVAIESPGQDLLGESR	2	HCD	25
EEQELHDIHSTR	3	HCD	25
EEQQLLASTSKPVVK	3	HCD	25
EETATFALLYRLR	2	HCD	25
EEVDEAASTLTR	2	HCD	25
EEWHGHVTALSVAPEFR	3	HCD	25
EEYGEHMR	2	HCD	25
EFAVLSELR	2	HCD	25
EFDPTITDASLSLPSR	2	HCD	25
EFHLNESGDPSSK	3	HCD	25
EFMSSQAKAVIK	3	HCD	25
EFPLHPVASFSNSTK	2	HCD	25
EFQLTEENTK	2	HCD	25
EFTAQNLGK	2	HCD	25
EFTQGVKPDWTIAR	2	HCD	25
EFYLSNSEK	2	HCD	25
EGDELCGQEEAFR	2	HCD	25
EGDNVENNKENLR	2	HCD	25
EGDPAIYAER	2	HCD	25
EGFHFDDER	2	HCD	25
EGGQVYGTLGGMLTR	2	HCD	25
EGHTEGGELVNELLK	2	HCD	25
EGIAQTVFLGLNR	2	HCD	25
EGILPERAEEAK	2	HCD	25
EGLKDEEDFFDFK	2	HCD	25
EGLLPLRGSGTLSVPTR	2	HCD	25
EGLSACQQSGFPAVLSSK	2	HCD	25
EGLTENTGLPRK	3	HCD	25
EGNEVFLPFTWVEK	2	HCD	25
EGPDLDRPGSDR	2	HCD	25
EGPVQFEEDPFGLDK	2	HCD	25
EGQRPTQPVYQIQNR	3	HCD	25
EGQTLDVKCDYTLEK	3	HCD	25
EGRPEAEAAAPSR	3	HCD	25
EGSERSLHQTTVIK	3	HCD	25
EGTLFPER	2	HCD	25
EGTLQHAFLR	3	HCD	25
EGVLGLVHEFK	3	HCD	25
EGYGFVCEK	2	HCD	25
EHAAPFSAFLTDSFGR	3	HCD	25
EHCEEFWHTIR	3	HCD	25
EHLLTNHLK	2	HCD	25
EHMVLAPR	2	HCD	25
EHVEPVFGFPQFVR	3	HCD	25
EIDEVGDLLQLK	2	HCD	25
EIDIAATLEHVR	3	HCD	25
EIEEVETLPTLLGK	2	HCD	25
EIEVECVKAESAQASAK	2	HCD	25
EIFGLYGQTTGK	2	HCD	25
EIHQDWANR	2	HCD	25
EIIELPLKQPELFK	3	HCD	25
EILEQGLFSK	2	HCD	25
EINHFFCEVPALLK	2	HCD	25
EIPAWVPFDPAAQITK	2	HCD	25
EISQDSLAAR	2	HCD	25
EITVEFPSSPGTK	3	HCD	25
EIVLTQTGQCGNQIGAK	2	HCD	25
EIVSGLLAAVSSSK	2	HCD	25
EKAEGDVAALNR	2	HCD	25
EKEAFLALAQLLTSK	2	HCD	25
EKMNIHIVKPGENNNK	4	HCD	25
EKPGSEVLTLLLK	3	HCD	25
EKWPFGSFLCK	2	HCD	25
ELAEQTLNNIK	2	HCD	25
ELAFGDHELVIR	2	HCD	25
ELAKPSIAVSPGTAIEQK	2	HCD	25
ELALGQDR	2	HCD	25
ELAPELGEEPQPR	2	HCD	25
ELDDATEANEGLSR	2	HCD	25
ELDLAFNGIKTIYVK	2	HCD	25
ELDLMDLVGEDRK	3	HCD	25
ELDTLNNEIVDLQR	2	HCD	25
ELELQILTEAIR	2	HCD	25
ELETVLADEPGLLGPK	2	HCD	25
ELFCEYGPTESVKVIR	3	HCD	25
ELGELIPLR	2	HCD	25
ELGPYTLDR	2	HCD	25
ELIEELHPIIK	2	HCD	25
ELKQMELIK	3	HCD	25
ELLGQDEETAMR	2	HCD	25
ELLHLVTLR	3	HCD	25
ELLPPAGR	2	HCD	25
ELLQHQFLK	2	HCD	25
ELLSNDESEAAGLKK	3	HCD	25
ELPLSPAFFGEDGIFR	2	HCD	25
ELPSFVGEK	2	HCD	25
ELQEALGAR	2	HCD	25
ELQMQETHTETK	2	HCD	25
ELQPSEEVTWK	2	HCD	25
ELQTASIFGSAK	2	HCD	25
ELSAQGPVAWFHAQRR	3	HCD	25
ELSAQPEVHR	2	HCD	25
ELSAVTFPDIIR	2	HCD	25
ELSMVRIPSR	2	HCD	25
ELSNTAAYQSVR	2	HCD	25
ELSSSTQGELVAPLHPR	3	HCD	25
ELTDTLQAETDQLEDEK	2	HCD	25
ELTPQVVSAAR	2	HCD	25
ELTTEIDNNIEQISSYK	2	HCD	25
ELVQPFSSLFPK	2	HCD	25
ELVTLNDLEPKAANCTK	3	HCD	25
ELVWGEDLDKNFPK	3	HCD	25
EMEEATASAQR	2	HCD	25
EMSLSDCLNR	2	HCD	25
ENAASSMTERLR	2	HCD	25
ENDLFLCDTNTCK	2	HCD	25
ENEAYQASCKER	2	HCD	25
ENETCLADQETGSK	2	HCD	25
ENGHLQLFGLFPLK	2	HCD	25
ENHAEIMQAVR	2	HCD	25
ENHGLLPPLYKSVK	2	HCD	25
ENKLINSTQPSGEDSEAK	2	HCD	25
ENLTAQEMETALR	2	HCD	25
ENNAVYAFLGLTAPPGSK	2	HCD	25
ENPGGSEESLRK	3	HCD	25
ENQELNAHNQELNNR	3	HCD	25
ENVHLEKMHNGAFR	3	HCD	25
ENYQSTLPKAEAPR	2	HCD	25
ENYTWSQDYTDLEVR	2	HCD	25
EPCGGQNTVPGVR	2	HCD	25
EPELGLEELLR	2	HCD	25
EPFFHGQDNYDQLVR	3	HCD	25
EPKTFTVEDAVETIGFGR	3	HCD	25
EPMADSCIYECIRNK	2	HCD	25
EPMEALNTAQGAR	2	HCD	25
EPPSHQYLSLTLLHLLK	3	HCD	25
EPQGAFSASGAAEDCNKSK	2	HCD	25
EPSGWRTAER	3	HCD	25
EPSPPIDEVINTPR	3	HCD	25
EPSTHIPPLDSK	2	HCD	25
EPVELGQPNTLICHIDK	2	HCD	25
EPVQTLYSQSPALELDK	2	HCD	25
EQALGLEPALGR	2	HCD	25
EQARLISDANQK	3	HCD	25
EQCNPETRPVEK	2	HCD	25
EQDTKKEPVSTNAVQR	2	HCD	25
EQEAIHSSQVGTSR	3	HCD	25
EQEALGKVERNR	3	HCD	25
EQEEAWKLEVGER	3	HCD	25
EQELKPGLCSGALSDSGR	3	HCD	25
EQISDIDDAVR	2	HCD	25
EQLDTSNESAEPK	2	HCD	25
EQLSGSPWILLR	2	HCD	25
EQPRGTQADLSSR	2	HCD	25
EQQAQQEDPIER	2	HCD	25
EQSTSQRPPATSQATK	2	HCD	25
EQTAYPPTHYIR	2	HCD	25
EQVLQPVSAELLELDIR	2	HCD	25
ERGGVSLAALKK	3	HCD	25
ERPGAFPSEETLR	2	HCD	25
ERPLGQDEIEELR	2	HCD	25
ERPPEAEYINSR	2	HCD	25
ERSAFMELDAGSR	3	HCD	25
ERTLQWESK	3	HCD	25
ERYVQMLDQIAR	2	HCD	25
ESAQPPAHL	2	HCD	25
ESATSPGQYVLSGLQGGQAK	2	HCD	25
ESCGGQAAIDSPNLCLR	2	HCD	25
ESDAMFAAER	2	HCD	25
ESEAVEWQQK	2	HCD	25
ESILDLSK	2	HCD	25
ESLLNHFLYEVAR	2	HCD	25
ESLSEEEAQK	2	HCD	25
ESMELLDSAVQNLQAK	2	HCD	25
ESVAPVLSVLTECAR	2	HCD	25
ESVSVLNLFTR	2	HCD	25
ESYEVSLTQK	2	HCD	25
ETEHLLHDENEDLRK	2	HCD	25
ETEHLLHDENEDLRK	4	HCD	25
ETFCRAATVLR	3	HCD	25
ETHVFSEADAEQDNQR	3	HCD	25
ETKLFCSACIER	2	HCD	25
ETLDPGDPETNNTIR	2	HCD	25
ETLPLLLQHLWQVNR	2	HCD	25
ETPILDGYEYDITDLR	2	HCD	25
ETSEELLPPPVQTQIK	2	HCD	25
EVAGLVTLK	2	HCD	25
EVAKPSPGEGEVLLK	2	HCD	25
EVASNSELVQSSR	2	HCD	25
EVCRELWCLSK	2	HCD	25
EVDRDIEQIVK	3	HCD	25
EVDSGNDIYGNPIKR	3	HCD	25
EVEELMEDTQHK	3	HCD	25
EVFAEAVR	2	HCD	25
EVGKALLISSGVLK	2	HCD	25
EVGPTNADPVCLAK	2	HCD	25
EVKPTYR	2	HCD	25
EVNEVIQNPATITR	2	HCD	25
EVNGQPVGSDPR	2	HCD	25
EVNSGFFYK	2	HCD	25
EVQEFYKDTYNK	3	HCD	25
EVQQALRQKTGR	3	HCD	25
EVQTWVQAR	2	HCD	25
EVTEEDLNNHFK	2	HCD	25
EVTGIITQGAR	2	HCD	25
EVTNASAAGNKAPGK	2	HCD	25
EVVCTTQNTPTVK	2	HCD	25
EVVLQWFTENSK	2	HCD	25
EVVNAIIESGK	2	HCD	25
EVYFAER	2	HCD	25
EWGTSCPHDFLGAYK	2	HCD	25
EWIEGVTGR	2	HCD	25
EWKSEEELHR	3	HCD	25
EYADYESLVEIISQKV	2	HCD	25
EYDVLYLGTEDGHLHR	2	HCD	25
EYDVLYLGTEDGHLHR	4	HCD	25
EYETLAMPEGSQAGR	2	HCD	25
EYLMSGGICPVSR	2	HCD	25
EYTDASFTNR	2	HCD	25
FAAQELIEVK	2	HCD	25
FAEAACDVVHVMLNGSR	2	HCD	25
FAEMFAGISASEKK	3	HCD	25
FAGIDGTSTYTSGDQK	2	HCD	25
FALFDQDK	2	HCD	25
FALIPAPELVER	2	HCD	25
FALVCGSAEFTK	2	HCD	25
FANSEVEVK	2	HCD	25
FAQQITGMR	2	HCD	25
FATPGVRPLR	2	HCD	25
FAVGTAGLGAEER	2	HCD	25
FCDAHLVLDGEEIPVQK	3	HCD	25
FDAMAELETVK	2	HCD	25
FDCHHCNESLFGK	2	HCD	25
FDCHHCNESLFGK	4	HCD	25
FDECVLDK	2	HCD	25
FDLGIICVDNK	2	HCD	25
FDSDAASQR	2	HCD	25
FDTPFLPKPLFFR	2	HCD	25
FDTTPNELVQLNK	2	HCD	25
FDTVKSVLDK	3	HCD	25
FDVSSTSVFK	2	HCD	25
FDVTWKLAK	3	HCD	25
FDYVFAENGTVQYK	2	HCD	25
FEAGYLTIFGRDLTR	2	HCD	25
FEAPLFNAR	2	HCD	25
FEDAYTPTIEDFHR	3	HCD	25
FEEAAGAAPCR	2	HCD	25
FEEFYGLLQHVHK	2	HCD	25
FEEKFEQEK	2	HCD	25
FEGLSPLQR	2	HCD	25
FEITVGPK	2	HCD	25
FEKEELESHR	3	HCD	25
FEYEEHGPFFLYR	3	HCD	25
FFFSGYDK	2	HCD	25
FFIDFPDLVEQRR	3	HCD	25
FFQTELNNATKTFFTK	3	HCD	25
FFSHTLTQILTHSPVLK	3	HCD	25
FFTDDLFQYAGEK	2	HCD	25
FFTYGNFPLEQHLK	3	HCD	25
FGFGFGGTGK	2	HCD	25
FGGVVELR	2	HCD	25
FGKDSVILSDIR	3	HCD	25
FGNICVVR	2	HCD	25
FGQGGAGPVGGQGPR	2	HCD	25
FGQHLIKPSVVFLK	3	HCD	25
FGQNFLEK	2	HCD	25
FGSALVPTGNLQLR	2	HCD	25
FGTINIVHPK	3	HCD	25
FGYDEIDNGYLK	2	HCD	25
FHDLLSQLDDQYSR	3	HCD	25
FHHEASGVTVK	2	HCD	25
FHLFDIHK	2	HCD	25
FIADLPHLQDSFVDK	3	HCD	25
FIADQLDHLNVTK	3	HCD	25
FIEDFWLTAAR	2	HCD	25
FIFDCVSQEYGINPER	2	HCD	25
FIGSPPGYVGHEEGGQLTK	3	HCD	25
FIIHNVYSVSK	3	HCD	25
FIITALPTIYHCK	3	HCD	25
FIMLNLMHETTDK	2	HCD	25
FIPLMIREQR	2	HCD	25
FIQVPENMSIDEGR	2	HCD	25
FITDNTVEER	2	HCD	25
FIYTGRAPNLDK	3	HCD	25
FKEFVQSVPTK	3	HCD	25
FKPSSLPHPLEGSR	3	HCD	25
FKYSSALNTHK	3	HCD	25
FLASSGHDQR	3	HCD	25
FLDMMQIYDGKK	2	HCD	25
FLEETNCLYAAEGQR	2	HCD	25
FLESNPVMIDAK	2	HCD	25
FLFSLFGQK	2	HCD	25
FLGQNVHAR	2	HCD	25
FLHGNVTLGALKLPFGK	4	HCD	25
FLLATPTKSELR	2	HCD	25
FLLDAVFAK	2	HCD	25
FLLDGLHNEVNR	3	HCD	25
FLLDHGDVAFAPLGK	3	HCD	25
FLNDTSLPHSCFR	2	HCD	25
FLNVFMSGR	2	HCD	25
FLPMFLSDNPNPK	2	HCD	25
FLPSCSKTPGPGAYTTLR	3	HCD	25
FLSEQHGVK	2	HCD	25
FLSQESGVAQTLK	2	HCD	25
FLTVMMK	2	HCD	25
FLVGPDGVPLRR	2	HCD	25
FLVKGAQGGLLR	2	HCD	25
FLVPDYNDEIR	2	HCD	25
FNAESQGCNHEEDAGVR	3	HCD	25
FNEDRCFR	3	HCD	25
FNFLEQAFDK	2	HCD	25
FNFLNPNDPYHAYYR	3	HCD	25
FNITPEIK	2	HCD	25
FNLDMHQKVHTGER	4	HCD	25
FNLTYVSHDGDDK	3	HCD	25
FNREQFYK	2	HCD	25
FNSDSQAEAHYK	2	HCD	25
FNSVPLTDTGHER	3	HCD	25
FPDAFDYAELDPAK	2	HCD	25
FPDEKAAYFR	3	HCD	25
FPEEPHVPLEQR	3	HCD	25
FPGINYPVLTPNLK	2	HCD	25
FPGLYIVGQR	2	HCD	25
FPLSFASAEYQEALSR	2	HCD	25
FPNKIPVVVER	3	HCD	25
FPTQISLAQLR	2	HCD	25
FPWVAFFASK	2	HCD	25
FQDSSQWLQIDLK	2	HCD	25
FQEHIIQAPKPVEAIK	3	HCD	25
FQEYSPNLWGHEFR	2	HCD	25
FQGEYGSDPEERPPNLK	2	HCD	25
FQLFGSPSGQK	2	HCD	25
FQQQILAQQK	2	HCD	25
FQQQSNPPSR	2	HCD	25
FRDLLLGDQGWQNDDR	2	HCD	25
FRIPGLPGCILSFQLK	2	HCD	25
FRPGDIVLAK	3	HCD	25
FRPLNESEVNR	2	HCD	25
FRQFCYQETPGPR	3	HCD	25
FSADNFIGIQR	2	HCD	25
FSATEVTNK	2	HCD	25
FSDFLGLHSK	3	HCD	25
FSDMDDEVRESR	3	HCD	25
FSDSYASVIK	2	HCD	25
FSEEEIEPLPPTLEKK	3	HCD	25
FSEGNILELLHR	2	HCD	25
FSFDTFSHHR	2	HCD	25
FSHITPSTQQHLK	2	HCD	25
FSHITPSTQQHLK	4	HCD	25
FSHSVQNSER	3	HCD	25
FSLAEMHFQK	2	HCD	25
FSLRFYVALPDSPAR	2	HCD	25
FSNQETCVEIGESVR	2	HCD	25
FSQLYPER	2	HCD	25
FSRELSDISSAR	2	HCD	25
FSSETWQNLGTLHR	3	HCD	25
FSVDAVSDDDVLK	2	HCD	25
FSYLGPDPVHK	2	HCD	25
FTCACPDQFK	2	HCD	25
FTDILVR	2	HCD	25
FTIQDLLAHAFFR	2	HCD	25
FTISEHTR	2	HCD	25
FTITGLPTDAK	2	HCD	25
FTQNSQLYTHRR	4	HCD	25
FTQSYDYLTDEEER	2	HCD	25
FTVHIPALNNSPQLK	2	HCD	25
FTVTFESDKFK	2	HCD	25
FVAFDRIINPTK	2	HCD	25
FVAVTSSNAAK	2	HCD	25
FVFGTTPEDILR	2	HCD	25
FVGFISQHYSPSK	3	HCD	25
FVGIKDEDQLEAFLKK	3	HCD	25
FVGPGGYNLK	2	HCD	25
FVKDFSGNASCHPPEAK	3	HCD	25
FVLDSAFLEGGHEK	2	HCD	25
FVLPAVLNPR	2	HCD	25
FVNVVPTFGK	2	HCD	25
FVNYTFK	2	HCD	25
FVPLSAQNRK	2	HCD	25
FVQALLAPCSLR	2	HCD	25
FVSIDNK	2	HCD	25
FVTDIDELGKDLLLK	3	HCD	25
FWESYIYNGK	2	HCD	25
FWWENPGVFTNEQK	2	HCD	25
FYAKPLAALVTYK	3	HCD	25
FYECGHCGK	2	HCD	25
FYGNSLETVSSK	2	HCD	25
FYIEGSEPGK	2	HCD	25
FYNCLQHALER	3	HCD	25
FYNQVSTPLLR	2	HCD	25
FYQLGDEAMER	2	HCD	25
FYYLIHPTK	2	HCD	25
GAAGENTSVSAGEEKKEER	2	HCD	25
GAAGENTSVSAGEEKKEER	4	HCD	25
GAAWVGVCELSGR	2	HCD	25
GACENCGAMTHK	3	HCD	25
GADPTLVDKDFK	3	HCD	25
GADQEEDEALRVLSLR	3	HCD	25
GAEAANVTGPDGVPVEGSR	2	HCD	25
GAEVLYSLAAAHAR	3	HCD	25
GAILPMLYALCYVK	2	HCD	25
GALALAQAVQR	2	HCD	25
GALEMVQMAVEAK	2	HCD	25
GALVLGSSLK	2	HCD	25
GANFHDVTTDNKLLR	3	HCD	25
GANIQLLDLPGIIEGAAQGK	2	HCD	25
GAPEPGTQDASIPVEK	2	HCD	25
GAPVSVYQIVVEEERPR	3	HCD	25
GASLPLGFTFSFPCR	2	HCD	25
GASQPPTPTPASDAFQRK	3	HCD	25
GATYGKPVHHGVNQLK	4	HCD	25
GAVSQTYPSGTCAYIQR	2	HCD	25
GCALGPLVENR	2	HCD	25
GCIVDANLSVLNLVIVK	2	HCD	25
GCLHLCQQGYDSLRR	4	HCD	25
GCTAQPGPAFPHR	3	HCD	25
GCTLLLTARPR	3	HCD	25
GCVTIAIHAKPGSK	2	HCD	25
GDAHDLAPAPWLHAR	3	HCD	25
GDFDWGGCSDNIHYGVR	3	HCD	25
GDFFYHSENPK	3	HCD	25
GDGTCHVTTASLDGESSHK	3	HCD	25
GDKGEIGEPGSPGK	3	HCD	25
GDLQVQISAAQNQVKR	2	HCD	25
GDNQILQHHVLTR	3	HCD	25
GDQRLQDWLR	2	HCD	25
GDTDIMSDLFGLHPK	3	HCD	25
GDVDPFYYDYETVR	2	HCD	25
GDVTAQIALQPALK	2	HCD	25
GEASNPDFGKTIR	3	HCD	25
GEDIFLDMFEDEYR	2	HCD	25
GEELGGGQDPVQLLSGFPR	2	HCD	25
GEESVTLEQFR	2	HCD	25
GEFQLPDFLK	2	HCD	25
GEFSVPSCYGNIK	2	HCD	25
GEGGIVGPQGPPGPK	2	HCD	25
GEIAEAYAELIK	2	HCD	25
GEIGLPGPPGHDGEK	3	HCD	25
GELLEAIKR	2	HCD	25
GENHPHFEGGVK	2	HCD	25
GEPPHSELHPMK	2	HCD	25
GETAVPGAPEALR	2	HCD	25
GEVDEEDAALYR	2	HCD	25
GEYVLLEAALTDLR	2	HCD	25
GFEEQWYR	2	HCD	25
GFEPGVTNILK	2	HCD	25
GFFLVQTK	2	HCD	25
GFGFVEFEDPR	2	HCD	25
GFHPDPDALK	2	HCD	25
GFLKEEDLTEK	2	HCD	25
GFNPEVEK	2	HCD	25
GFPFSIYGNLAVK	2	HCD	25
GFQAQSFIATLK	2	HCD	25
GFSIDVLDALAK	2	HCD	25
GFSLNSALNIHQK	2	HCD	25
GFSNQIPLVAR	2	HCD	25
GFTGIDSDYEKPETPER	3	HCD	25
GFYFNKPTGYGSSSR	2	HCD	25
GGDCLTSQTR	2	HCD	25
GGEVTRPLEVSR	2	HCD	25
GGGAFVQNSQPVAVR	2	HCD	25
GGGDSGGGGGGRPNPGPPR	3	HCD	25
GGGGGQDNGLEGLGNDSR	2	HCD	25
GGISNVWFDR	2	HCD	25
GGIVDEGALLR	2	HCD	25
GGLEFGCGLFISHLIK	3	HCD	25
GGLSAVDAFEIHVHR	3	HCD	25
GGSGGSYGGGGSGGGYGGGSGSR	2	HCD	25
GHDVTFYK	2	HCD	25
GHGLICEGQPVTSR	3	HCD	25
GHIAVSAAVFPTGTK	3	HCD	25
GHLDPTWALQQLQQLR	3	HCD	25
GHQQLYWSHPR	3	HCD	25
GIAPASPMLGNASNPNK	2	HCD	25
GIAWWTDK	2	HCD	25
GIDLTQVK	2	HCD	25
GIDTEKVLSICPK	2	HCD	25
GIEQAVQSHAVAEEEAR	2	HCD	25
GIFNGFSVTLK	2	HCD	25
GIGDELYNPETHK	3	HCD	25
GIILAGTEEQK	2	HCD	25
GILTVDELLAIR	2	HCD	25
GISEHTVLSVDGK	2	HCD	25
GITHYYIESTDESTPAK	3	HCD	25
GIVDLIEER	2	HCD	25
GKALFLGNSAKPVWR	3	HCD	25
GKLSVGDLAELLYR	3	HCD	25
GKSEEELAECFR	3	HCD	25
GLANLTHAHLER	3	HCD	25
GLAPEETNYK	2	HCD	25
GLCLLEQIDSFKPPQR	2	HCD	25
GLDPVEILQER	2	HCD	25
GLEERLSPPLPHEER	3	HCD	25
GLEVTAYSPLGSSDR	2	HCD	25
GLGCSLLFIPLGLVDRR	3	HCD	25
GLGFVHSPLLKR	3	HCD	25
GLGNPFLRK	2	HCD	25
GLGSEAKEEAPR	3	HCD	25
GLHGPLTLNSPLTPEK	3	HCD	25
GLHYDVQR	2	HCD	25
GLIDYNFHCFR	2	HCD	25
GLLAAAPGLGPR	2	HCD	25
GLLFHPEWVVK	2	HCD	25
GLLSGWAR	2	HCD	25
GLMVLELPK	2	HCD	25
GLNISAVR	2	HCD	25
GLPAPIEK	2	HCD	25
GLPYLVNEDDVR	2	HCD	25
GLRENTIICASPK	3	HCD	25
GLRPGEGYFVR	3	HCD	25
GLRWAAYAAAEVLQVYR	3	HCD	25
GLSGPCRPPPPPQAR	3	HCD	25
GLSYSLTTSSTHKR	3	HCD	25
GLVQALGLSNFNSR	2	HCD	25
GLVSLSAKIDR	3	HCD	25
GLWAGQQQELIFLRNR	3	HCD	25
GMGDHAFHTNAR	2	HCD	25
GMIEVEPEKR	2	HCD	25
GMITFESIEK	2	HCD	25
GMTYSIGFLR	2	HCD	25
GNEFLFSHLWPLIEK	2	HCD	25
GNPAVSYVR	2	HCD	25
GNVAYATSTGGIVNK	2	HCD	25
GPDTLWQCPSSPWEK	2	HCD	25
GPENEYSVDDECLVK	2	HCD	25
GPGEVVFRGVGSLR	2	HCD	25
GPIAMQSGPKPLFR	3	HCD	25
GPILVDTGGPWAR	2	HCD	25
GPLHILGTDGNVDTTGK	3	HCD	25
GPLSGAASWEHIK	3	HCD	25
GPPALGTAGSR	2	HCD	25
GPPDSDFDGGVYHGR	3	HCD	25
GPPGTVGPTGLPGPKGER	3	HCD	25
GPPLWEEDPGAK	2	HCD	25
GPQGRGQGLEEADTSHSR	3	HCD	25
GPRPPNQQQPIEGTDR	2	HCD	25
GPSFKICVGFLGPR	2	HCD	25
GPSLLSEPMK	2	HCD	25
GPSSGSCIDQLPIK	2	HCD	25
GPVEGYEENEEFLR	2	HCD	25
GPVHGGEAARGPE	2	HCD	25
GQASPAPAVR	2	HCD	25
GQEFLRPCGSTEVD	2	HCD	25
GQFYPVTLRTPAGGK	2	HCD	25
GQKGQVGPPGAACR	2	HCD	25
GQLAADIHQALRYK	2	HCD	25
GQLLAQLGDSARHR	3	HCD	25
GQTSPGNCVLLDPK	2	HCD	25
GQVGAAAEPAELIR	2	HCD	25
GQVINLDQLHSSWK	3	HCD	25
GQVKPSTSSQPILSAPGPTK	3	HCD	25
GQVPPLVTTNFLVK	2	HCD	25
GQYTGHEYHVLSPK	2	HCD	25
GRDDITVHDNIK	2	HCD	25
GREILELVQK	2	HCD	25
GRFEELSAWTEK	2	HCD	25
GRLESAQATFQAHR	3	HCD	25
GRPISHSTTEDLK	3	HCD	25
GRTVLVSDAIDEGR	3	HCD	25
GSDEGQFNEQNFVSK	2	HCD	25
GSFEIGGTIHPVAIK	2	HCD	25
GSGDDISVYVIPLIHGNK	2	HCD	25
GSGDLAGELEELEEER	2	HCD	25
GSGFPIHLTR	3	HCD	25
GSIAEWSSGSPVCK	2	HCD	25
GSKEKQADFLDK	2	HCD	25
GSLADVVGHLR	2	HCD	25
GSLDCLAQIYGHEGLR	2	HCD	25
GSLLIDSSTIDPAVSK	2	HCD	25
GSLTSPAAAVSNHGER	3	HCD	25
GSNLDAPEPYR	2	HCD	25
GSNLWVPVNKDPIQGTK	3	HCD	25
GSPLGEVVEQGITR	2	HCD	25
GSPPVPSGPPMEEDGLR	2	HCD	25
GSQNSRVSPDFTQESR	2	HCD	25
GSQVEAFESR	2	HCD	25
GSRGAPVFCYDEINTR	3	HCD	25
GSRPGPGWAGSPK	3	HCD	25
GSSLGTEWQTPVISEPFR	2	HCD	25
GSTLPLLEGPQTDGVTIGDK	2	HCD	25
GSVPVFWSQVGYR	2	HCD	25
GSYPDAILQAQAADK	2	HCD	25
GTALGGGSIR	2	HCD	25
GTALHSSQKPAEPVKR	4	HCD	25
GTDVFPLLGSVLKDPK	3	HCD	25
GTEPIVVDPFDPR	2	HCD	25
GTGGANIDPTFFLSR	2	HCD	25
GTGYTLSLPAVSPGKR	2	HCD	25
GTITLELLK	2	HCD	25
GTLCHGCGQPITGR	3	HCD	25
GTPGPPPAHGAALQPHPR	4	HCD	25
GTRTPPPQILLPLEER	2	HCD	25
GTSDELEDLR	2	HCD	25
GTTHSLLDDK	3	HCD	25
GTTSLEILTLTR	2	HCD	25
GTVEGSVQEVQEEK	2	HCD	25
GTYIGCFSDDGHERTLK	4	HCD	25
GVAGAIPAAYVHIER	3	HCD	25
GVDPDLAPLENFNVK	2	HCD	25
GVESFTQISK	2	HCD	25
GVIEFHVVGNSLNQKPNK	3	HCD	25
GVILYGPPGTGK	2	HCD	25
GVLGTITAVVKTEGR	3	HCD	25
GVLPSHYYESFLEK	2	HCD	25
GVLQRILAQQGWLGLYR	2	HCD	25
GVPAGNSDTEGGQPGR	2	HCD	25
GVPNVISEDTLK	2	HCD	25
GVQNPVAR	2	HCD	25
GVSAVAGPHDIGASPGDKK	2	HCD	25
GVSEIVQNGK	2	HCD	25
GVYVLMSGLDLER	2	HCD	25
GWVNTLVGGQK	2	HCD	25
GYAFVQYSNER	2	HCD	25
GYCAPGMECVK	2	HCD	25
GYFFLDER	2	HCD	25
GYFPCGNLTKCLPR	3	HCD	25
GYLTGMAGK	2	HCD	25
GYPSEFATYLNFCR	2	HCD	25
GYQERDLEPQFSIITK	2	HCD	25
GYTLADNGK	2	HCD	25
GYTPLMETHLSSK	3	HCD	25
HADLQISELTR	2	HCD	25
HAETSSGGQAASSHEQAR	4	HCD	25
HAFFEGLNWENIR	3	HCD	25
HAGGLGLAER	2	HCD	25
HAGNLTLHANSVR	3	HCD	25
HAILVGNHSSR	2	HCD	25
HALAAQEIKYGPLK	2	HCD	25
HALLEADVAAHQDR	2	HCD	25
HANIVTLHDIIHTEK	3	HCD	25
HCCVSYLQEK	2	HCD	25
HCPNQYQIYSESFK	2	HCD	25
HDAAHEIIETIR	3	HCD	25
HDDFEEVAQNTYTNADK	3	HCD	25
HDENILESEPIVYR	3	HCD	25
HDPGGWTVIQR	2	HCD	25
HECTLSSQEYVHELR	3	HCD	25
HEERPDEHGFVAR	4	HCD	25
HEGAISFQDCDTK	2	HCD	25
HEHLNLTEDFQSSECK	2	HCD	25
HEHLNLTEDFQSSECK	4	HCD	25
HELCGDYIK	2	HCD	25
HELLQPFNVLYEK	3	HCD	25
HEMVANPSVTCSHFAR	3	HCD	25
HEVTGWVLVSPLSK	2	HCD	25
HFCPNVPIILVANK	2	HCD	25
HFCTTESIATENR	2	HCD	25
HFEQAIER	2	HCD	25
HFESLEEELKK	3	HCD	25
HFIPQMTAGK	2	HCD	25
HFNAPSHIR	3	HCD	25
HFTEFVPLR	2	HCD	25
HGAEVIDTPVFELK	2	HCD	25
HGDLTHFVANNLQLK	3	HCD	25
HGEAYYSEVKPLK	3	HCD	25
HGESTWNLENR	3	HCD	25
HGGGGGGFGGGGFGSR	3	HCD	25
HGHYPNTIAEK	3	HCD	25
HGLCVNKETETR	3	HCD	25
HGLPDVGLAAEDSK	3	HCD	25
HGPINVNHYASK	3	HCD	25
HGYGCMTFPDGTK	2	HCD	25
HHIIGDNPNSSDYPAPR	2	HCD	25
HHIYVLNQVDHFR	2	HCD	25
HHLDLLIPK	2	HCD	25
HIAEDSDRKYEEVAR	4	HCD	25
HIDLVEGDEGR	2	HCD	25
HIGDLLQHR	3	HCD	25
HIGTSAIMDLLLR	3	HCD	25
HILGSIVQSEGSYVESLK	2	HCD	25
HITEEELSVLESCLHR	3	HCD	25
HIWTESSKDLSISR	3	HCD	25
HKIGFSFAFPK	2	HCD	25
HLAGVPLIGWVLR	3	HCD	25
HLAHIASFSSK	3	HCD	25
HLDDEYESSEEER	3	HCD	25
HLESWCVQR	2	HCD	25
HLISHSGEKPYK	3	HCD	25
HLKYTPCVDK	3	HCD	25
HLLQLLSNSHR	3	HCD	25
HLMDHAAIDR	3	HCD	25
HLPSPISVAQCLLLEEK	2	HCD	25
HLPSVPGLLR	2	HCD	25
HLQAVDYASR	2	HCD	25
HLSAEDFSR	2	HCD	25
HLSLLTTLSNR	2	HCD	25
HLVAGGGAGAVSR	2	HCD	25
HLVGVDSLIGPETQIGEK	3	HCD	25
HLVYAVIR	2	HCD	25
HLYISSSNPDLITR	3	HCD	25
HMISMHPITR	3	HCD	25
HMVVHSGDGPYK	3	HCD	25
HNIPYIETSAK	2	HCD	25
HNLSVQTHIK	3	HCD	25
HNSPSAAHFITR	2	HCD	25
HNSSDGFFNNGPLR	3	HCD	25
HNYHKVAPLVR	2	HCD	25
HPASEAEIQPQTQVTLR	2	HCD	25
HPFIVELAYAFQTGGK	2	HCD	25
HPFPGPGLAIR	2	HCD	25
HPGVIGLLR	2	HCD	25
HPSKPDPSGECNPDLR	3	HCD	25
HQEVSKPAVSLEQR	2	HCD	25
HQFCLAQVSWIK	2	HCD	25
HQITHTGEKPYECNR	3	HCD	25
HQLEVDEWR	2	HCD	25
HQLLEADISAHEDR	4	HCD	25
HQQLLGEVLTQLSSR	2	HCD	25
HQYINEDEYEVNLK	2	HCD	25
HRGPATLAEACR	3	HCD	25
HRLTPQEGLQAPGGSLR	3	HCD	25
HRSWHTLTPIADDK	3	HCD	25
HRYTSAGISVTVK	3	HCD	25
HSADSHGSSYTSGIK	3	HCD	25
HSDAPGLPNGR	3	HCD	25
HSDLEALFQDFK	3	HCD	25
HSEHAFDHAVDSD	2	HCD	25
HSGGLIFPPSYIPVVMSK	2	HCD	25
HSMEVGVCVEAYR	2	HCD	25
HSMSFILHK	3	HCD	25
HSMVATPPESGVLK	3	HCD	25
HSNLLYVNVIGLADDSVR	3	HCD	25
HSQFIGYPITLFVEKK	4	HCD	25
HSQGTFTSDYSK	2	HCD	25
HSRAPQGSGPSSPGSLSAPR	4	HCD	25
HSSPACLPPPPK	2	HCD	25
HSTIPSDTHTSR	2	HCD	25
HSVVCPASSR	2	HCD	25
HSWTIPEDGNSQK	2	HCD	25
HTGLYCNQLSSTDLLK	2	HCD	25
HTGTPFGDIPYGK	2	HCD	25
HTLGENIADNGGLK	3	HCD	25
HTQLEQMFR	2	HCD	25
HVALHQEFHGKGER	4	HCD	25
HVAQILESQR	2	HCD	25
HVDLGGGLKPPGYYVQR	4	HCD	25
HVFGQPVK	2	HCD	25
HVHPTTAPDVTSSLPEEK	3	HCD	25
HVLQTFGPIPEFSR	3	HCD	25
HVPEEYKPK	2	HCD	25
HVVQPGYPAHR	3	HCD	25
HVVQSISTQQEK	3	HCD	25
HWILPQDYDHAQAEAR	2	HCD	25
HWNEWDASQPQLQSVR	2	HCD	25
HWPSEQDPEK	2	HCD	25
HYLLAAVNR	2	HCD	25
HYQHVLAVDPEK	3	HCD	25
IAAEHCIPLLTSLLEER	2	HCD	25
IAALQAFADQLIAAGHYAK	2	HCD	25
IAATGVVLDLDK	2	HCD	25
IACNTHVAPR	3	HCD	25
IADVVLLQK	2	HCD	25
IAENPANPPVGGK	2	HCD	25
IAGSGLVAKWLGEAEK	2	HCD	25
IAILGYR	2	HCD	25
IAMHSDSQTFSK	2	HCD	25
IANLQTDLSDGLR	2	HCD	25
IAPQLSTEELVSLGEK	2	HCD	25
IAQEDPEKQR	2	HCD	25
IAQLEEQVEQEAR	2	HCD	25
IASLEVENQSLR	2	HCD	25
IATLASGLEVGR	2	HCD	25
IAVAAASKPAVEIK	3	HCD	25
IAVAHNGELVNAAR	3	HCD	25
IAVQPGTVGPQGR	2	HCD	25
IAYGTQGSSGYSLR	2	HCD	25
ICAGGKPHECSVCGR	4	HCD	25
ICDQSGVHYK	2	HCD	25
ICDQWDALGSLTHSR	3	HCD	25
ICFGDGDGTVNLK	2	HCD	25
ICSFEEAK	2	HCD	25
ICTPMGKLGDSCHPLTR	3	HCD	25
ICTWLEIK	2	HCD	25
IDAGTMAEPSASPSK	2	HCD	25
IDEELVTNSGK	2	HCD	25
IDGVSLLVQR	2	HCD	25
IDHVTGEIFSVAPLDR	3	HCD	25
IDLPCYMSTEEMK	2	HCD	25
IDRPEAISEER	2	HCD	25
IDRTDAISEEK	2	HCD	25
IDSAPLALLHK	2	HCD	25
IDSAVTDGK	2	HCD	25
IDSLSAQLSQLQK	2	HCD	25
IDVLQAEVAALK	2	HCD	25
IDVYHYDVDIKPEK	3	HCD	25
IEAGNEFK	2	HCD	25
IEDGEDLKHDFER	3	HCD	25
IEDLSQQVHK	2	HCD	25
IEDQMFPSESK	2	HCD	25
IEEFVYEK	2	HCD	25
IEEGHIGVYYR	3	HCD	25
IEEIKDFLLTAR	3	HCD	25
IEELTLPKVLLK	3	HCD	25
IEESTPVHDSPGK	3	HCD	25
IEETSPIVLRYK	3	HCD	25
IEHLNATFQPAK	3	HCD	25
IEIYPTSLTK	2	HCD	25
IELYQILK	2	HCD	25
IEQLQNHENEDIYK	2	HCD	25
IEREVACVAK	2	HCD	25
IERNLVNSLFPVNR	2	HCD	25
IESEGLLSLTTQLVK	2	HCD	25
IEVLQQHENEDIYK	2	HCD	25
IEVQFPETVPTAK	2	HCD	25
IEYAPGAGSLALFPGIR	2	HCD	25
IEYDDFVECLLR	2	HCD	25
IFCTVKSMR	3	HCD	25
IFFDDYVACCVK	2	HCD	25
IFGGLILDIKR	3	HCD	25
IFGPVLPIVCVR	2	HCD	25
IFLDESAPDNVLEVTAR	2	HCD	25
IFLHKPELITK	3	HCD	25
IFNTWLGDPSK	2	HCD	25
IFQEAVRK	2	HCD	25
IFSFFPVPVTVR	2	HCD	25
IFSHAYFHHR	3	HCD	25
IFSPEHDIFR	3	HCD	25
IFTSIGEDYDER	2	HCD	25
IGAYFSSILAEK	2	HCD	25
IGFFQGDIR	2	HCD	25
IGGIFAFK	2	HCD	25
IGILHENFQTLK	3	HCD	25
IGPLGLSPK	2	HCD	25
IGQQVDREPGDVATPPRK	4	HCD	25
IGSPYCLHLR	2	HCD	25
IGSTIDDTISK	2	HCD	25
IGVGVAVLNR	2	HCD	25
IGYLNDRVDELLEK	3	HCD	25
IHEQGLIAILDVEPQALK	3	HCD	25
IHFIEAQDLQGK	3	HCD	25
IHGSGHVEEPASPLAAYQK	3	HCD	25
IHIEKKPYK	3	HCD	25
IHMVNNFRPPQPLK	3	HCD	25
IHPELLAK	2	HCD	25
IHQEVFSSCHR	3	HCD	25
IHSDSRPFPCVECGK	3	HCD	25
IHSLTHLDSVTK	3	HCD	25
IHTGEKPHECMICGK	4	HCD	25
IHTGEKPYKCDVCHK	4	HCD	25
IHTGEKPYKCNECGR	4	HCD	25
IHTGENPYTCEECGK	2	HCD	25
IHTGERPYPCSYCGR	3	HCD	25
IHVDEFALK	2	HCD	25
IHYVIHAPWK	3	HCD	25
IIALDPYHYFRR	3	HCD	25
IICDNTGITTVSR	2	HCD	25
IIDELNVKPEGTR	3	HCD	25
IIEDCSNSEETVK	2	HCD	25
IIEESTHCGPQAVR	3	HCD	25
IIELNGQKPPLTYK	3	HCD	25
IIETDFEKAHR	2	HCD	25
IIGDAYLK	2	HCD	25
IIGEKYHALNSR	3	HCD	25
IIGLELDTEGHR	2	HCD	25
IIGQQGDQSCANK	2	HCD	25
IIHGSGYSDEDKR	2	HCD	25
IIHGSGYSDEDKR	4	HCD	25
IIHGSGYSDEDRK	3	HCD	25
IIHNEEKPYK	2	HCD	25
IIHTEEKPYK	2	HCD	25
IIHTGDKPYK	2	HCD	25
IIHTVEKFYK	3	HCD	25
IIIKDDESHFSEILLR	3	HCD	25
IIKSCPECR	2	HCD	25
IILIGDSNVGK	2	HCD	25
IILVEDLPNQFYR	2	HCD	25
IINDLLQSLR	2	HCD	25
IIPTSGDHHIFNK	3	HCD	25
IISLAKPK	2	HCD	25
IITAESGKPLK	2	HCD	25
IITEGFEAAK	2	HCD	25
IITLTGPTNAIFK	2	HCD	25
IKEAIVAEIEDFHAR	3	HCD	25
IKELELMPEK	3	HCD	25
IKNDFQNLQQVFLQAK	2	HCD	25
IKPIHTNPCFYQSSEK	3	HCD	25
ILAFPCNQFGK	2	HCD	25
ILAMHGLVSKEFLAR	2	HCD	25
ILAMHGLVSKEFLAR	4	HCD	25
ILDAIDDFGLR	2	HCD	25
ILDQNPEQKEK	3	HCD	25
ILEDDKGAFQLYSK	3	HCD	25
ILEEEEVLGGGGQGR	2	HCD	25
ILEETKFFNDAIETYK	3	HCD	25
ILELEDDIQTISEK	2	HCD	25
ILELLRPDPNTGK	3	HCD	25
ILFPMAGRPAR	3	HCD	25
ILGQQVPYATK	2	HCD	25
ILHCLGLAEEIQK	3	HCD	25
ILHCSCQACGK	3	HCD	25
ILHECDLQTER	3	HCD	25
ILHLPTSWDWR	3	HCD	25
ILIQSDEETQR	2	HCD	25
ILKEEQELYQK	2	HCD	25
ILKTTEVPGFDK	2	HCD	25
ILLAELEQLK	2	HCD	25
ILLDPYYR	2	HCD	25
ILNNSSIFK	2	HCD	25
ILNYALTDIPSLR	2	HCD	25
ILPALCHDITDWVVGTR	3	HCD	25
ILPLNNLLASK	2	HCD	25
ILQLQEKK	2	HCD	25
ILQREEEEHLR	3	HCD	25
ILSDDVPIRDYR	3	HCD	25
ILSHTEEHK	3	HCD	25
ILTDIMWPIIAK	2	HCD	25
ILTDYGFEGHPFR	3	HCD	25
ILVDISNNLK	2	HCD	25
ILWLNQEPEIQVR	2	HCD	25
IMGSYLCFGERSELK	2	HCD	25
IMLLNHPDK	2	HCD	25
IMNEEDPEKQR	2	HCD	25
IMPTEKEPAR	3	HCD	25
IMQVVDEK	2	HCD	25
INEEISVK	2	HCD	25
INHTASENEEFNK	2	HCD	25
INLMAYPDLNEIYR	2	HCD	25
INPDHIGFYR	2	HCD	25
INQFYGAPTAVR	2	HCD	25
INYEESMMVR	2	HCD	25
IPAEANPLADHVSATR	3	HCD	25
IPCLIVAAK	2	HCD	25
IPDQDTIPCQGIEVRK	3	HCD	25
IPEEHDLESQIR	2	HCD	25
IPEFIAFR	2	HCD	25
IPEGEKVDFDDIQKK	4	HCD	25
IPFDIHCMRIYVTK	4	HCD	25
IPLSAPRKNTNSVK	3	HCD	25
IPNGVNGVEDR	2	HCD	25
IPPGECTYAGRK	3	HCD	25
IPRPLAYVFLGPAR	2	HCD	25
IPSAEYLDRK	3	HCD	25
IPSTDANLPSGGK	2	HCD	25
IPTEAPQLELK	2	HCD	25
IPYSDVNIGTGVAHPPR	3	HCD	25
IQALAEETAQNLKR	3	HCD	25
IQDEQHLVIEVR	3	HCD	25
IQDIEILK	2	HCD	25
IQDYHILTR	3	HCD	25
IQELENLPGSLAGDLR	2	HCD	25
IQFKPDDGTTPER	2	HCD	25
IQGLTVEQAEAVVR	2	HCD	25
IQGVIAQPVDR	2	HCD	25
IQLLDLPGIIEGAK	2	HCD	25
IQLSNILSSEK	2	HCD	25
IQPYYALQHSFFK	3	HCD	25
IQQLTALGAAQATAK	2	HCD	25
IQSGLGALSR	2	HCD	25
IQSNICVKVFHK	3	HCD	25
IQTELQETVKDLAK	3	HCD	25
IQVWHAEHR	3	HCD	25
IREIADGLCLEVEGK	3	HCD	25
IRLEAFHQ	2	HCD	25
ISAINQLEEIQSQLASR	2	HCD	25
ISAPTPEEKEEWIK	3	HCD	25
ISDEEADDADAAGR	2	HCD	25
ISDGIQHLGALR	3	HCD	25
ISECVQSDTHTDNQTGK	3	HCD	25
ISELGAGNGGVVFK	2	HCD	25
ISEVLDAGTVDPLTK	2	HCD	25
ISGEIATRPAPPDR	2	HCD	25
ISGLGLTPEQK	2	HCD	25
ISGSSTDFQKKPR	2	HCD	25
ISGSSTDFQKKPR	4	HCD	25
ISIPFDSNLR	2	HCD	25
ISKELISLPYKPK	3	HCD	25
ISLPVIGLDEILK	2	HCD	25
ISQVLGNEIK	2	HCD	25
ISSILSSLTSVMK	2	HCD	25
ISSSDLSLGHVTR	2	HCD	25
ISTHPFVSKEHDGT	3	HCD	25
ISVEDLWK	2	HCD	25
ISVYYNEASSHK	2	HCD	25
ITAKEFSPSFQHR	3	HCD	25
ITALDLNPER	2	HCD	25
ITDFQLHASTVK	3	HCD	25
ITDVLDQK	2	HCD	25
ITELHSVIAELNK	2	HCD	25
ITELHSVIAELNKK	3	HCD	25
ITEQPLKEEEDEDRK	4	HCD	25
ITIANVDLVLSK	2	HCD	25
ITKMSSANVYLESK	3	HCD	25
ITLSQVGDVLR	2	HCD	25
ITNQVHGLK	2	HCD	25
ITTTVACNMDLSK	2	HCD	25
ITVNYPPYISK	2	HCD	25
IVAMQFVR	2	HCD	25
IVDDWANDGWGLK	2	HCD	25
IVDKLLDDSR	3	HCD	25
IVEEYHDLYTLQRER	4	HCD	25
IVFDPRYLLLNSEER	3	HCD	25
IVIQTHQSGAFGSVFGSR	3	HCD	25
IVLAAAGGVSHDELLDLAK	2	HCD	25
IVMFTIDIGEAPK	2	HCD	25
IVPNVLLEQGK	2	HCD	25
IVPTDMNDQNLEEPSR	2	HCD	25
IVRPWAEGTEEGAR	3	HCD	25
IVSFLLR	2	HCD	25
IVSQKQMSDR	3	HCD	25
IVVMPGGGITDR	2	HCD	25
IWGLDFGDCHK	2	HCD	25
IWLMKTSLR	3	HCD	25
IWNTTYQLLRTK	3	HCD	25
IWSAEDASCVVTFK	2	HCD	25
IYADTFGDINYQEFAK	2	HCD	25
IYAGTGALEGK	2	HCD	25
IYDEETAELSHLTK	2	HCD	25
IYELAAGGTAVGTGLNTR	2	HCD	25
IYGADDIELLPEAQHK	3	HCD	25
IYHFFCDVK	2	HCD	25
IYHPNVDK	2	HCD	25
IYIDSNNNPER	2	HCD	25
IYLDHLNNPEK	3	HCD	25
IYNQSFFQSLLK	2	HCD	25
IYPVTEIQEAHK	3	HCD	25
IYSGEKSYECAEFGK	2	HCD	25
IYSYVVSRPQPR	2	HCD	25
IYTPVEESSIGKFPR	3	HCD	25
KAAEEEINSLYK	3	HCD	25
KAEPPPSKPTVAK	3	HCD	25
KAILTTDDR	2	HCD	25
KAQLMQYLSLPK	3	HCD	25
KAVFQDQFSEYK	3	HCD	25
KCAQSTSACLGVR	3	HCD	25
KCVGHEEDVEGALAGLK	3	HCD	25
KDAGTYTLHIIK	2	HCD	25
KDCGQYSVTLR	2	HCD	25
KDDPTLLSSGR	2	HCD	25
KDDPVTNLNNAFEVAEK	3	HCD	25
KDEDIARLLQEK	3	HCD	25
KDEEHILSGR	3	HCD	25
KDFYLIHK	2	HCD	25
KDVVNLLK	2	HCD	25
KEANVWNLLR	2	HCD	25
KEEILDEMK	2	HCD	25
KEFVTQFTTQFLK	2	HCD	25
KEIADYLAAGKDER	2	HCD	25
KEIILFPPCEDPAR	2	HCD	25
KELVEQVIEGQK	2	HCD	25
KENIFMYGCDGSDR	2	HCD	25
KEPEYDFQGLEHGDYR	2	HCD	25
KEQTADGVAVIPVLQR	2	HCD	25
KEVYELLDSPGK	2	HCD	25
KFDVAGTAFHYK	3	HCD	25
KFTGEQPSISGTFGLK	3	HCD	25
KFYGPEGPYGVFAGR	3	HCD	25
KGDFVLQNEEASAK	3	HCD	25
KGFDELEFHTVAR	2	HCD	25
KGGIQTQLPFQR	2	HCD	25
KGQIPDVVVGDHIDR	3	HCD	25
KGSHIFEALLANPEGSGLR	4	HCD	25
KGSITEYTAAEEKEDGR	3	HCD	25
KGTYWEGGVR	2	HCD	25
KHIIEGLR	2	HCD	25
KHPDASVNFSEFSK	3	HCD	25
KICTVSENFLR	3	HCD	25
KIDFHLHVLR	3	HCD	25
KIEAYMEDDR	2	HCD	25
KIESLEEEIR	2	HCD	25
KIPFIILSEEFIDPK	3	HCD	25
KIPNPDFFEDLEPFR	3	HCD	25
KIQGIEEYKK	3	HCD	25
KISTPSFSSYYK	3	HCD	25
KIYTDFIEK	2	HCD	25
KKEDELWASFLNDVGPK	3	HCD	25
KKEEPAEGAADLSSGPQSK	3	HCD	25
KLAALSQYEEVLAK	2	HCD	25
KLAPNEFPHK	2	HCD	25
KLDDKDFFSK	3	HCD	25
KLEDAGSCEGQEK	3	HCD	25
KLEEEGEQFVKK	3	HCD	25
KLEELELDEQQRK	3	HCD	25
KLFDTLNEDLFQK	2	HCD	25
KLHLGPNVGR	3	HCD	25
KLLEIQSLLDAIK	3	HCD	25
KLMGFSPCIFWGR	3	HCD	25
KLMYLQELPR	3	HCD	25
KLNHQEVVEEDKR	4	HCD	25
KLPDFLTAK	2	HCD	25
KLPDVPNPLQILYIR	3	HCD	25
KLQETIEQK	3	HCD	25
KLQSFYLWEWEEK	2	HCD	25
KLSLTSPLNSK	2	HCD	25
KLTLSSAESNPRPIVK	3	HCD	25
KLVIIEGDLERTEER	3	HCD	25
KLYQDVMLENFR	2	HCD	25
KMIEQHNQEYR	3	HCD	25
KMSYGATSQNCEVQK	3	HCD	25
KMTVSHCQDACAER	3	HCD	25
KNPGEEEEYR	2	HCD	25
KNPTPESVAIGELK	2	HCD	25
KNRLSANSQSPDFK	2	HCD	25
KNYGSYYGVGDYPVVK	2	HCD	25
KPAAVLKPSDWEK	3	HCD	25
KPEEVDDEVFYSPR	3	HCD	25
KPEFINCQSK	3	HCD	25
KPEKPLFSSASPQDSSPR	3	HCD	25
KPESEGYLQEEK	2	HCD	25
KPESFSKQIVLR	3	HCD	25
KPFKYIECGK	3	HCD	25
KPLEDDGEFVYCLPR	2	HCD	25
KPLGPPPPSYTCFR	2	HCD	25
KPLGTAPHCPR	3	HCD	25
KPLLESGTLGTK	3	HCD	25
KPPPPEVTDLPK	2	HCD	25
KPQEEDSPGPSTSSVLKR	3	HCD	25
KPSIFTLHKK	3	HCD	25
KPSMGVFKEK	3	HCD	25
KPWQQTFSEVFGTR	2	HCD	25
KPYLLPSIR	2	HCD	25
KQGIMSFLEGK	2	HCD	25
KQGLEQFINK	3	HCD	25
KQQEEAQAAAAAASAESR	3	HCD	25
KQQEVVQIDQFLK	3	HCD	25
KSGSLLQLTFR	2	HCD	25
KSSWPSQAAPSLR	2	HCD	25
KTEELEEESFPER	3	HCD	25
KTELDTFSECVR	3	HCD	25
KTQNDVLHAENVK	3	HCD	25
KTYGSINLR	2	HCD	25
KVDEATFVTGCR	2	HCD	25
KVLGDFFEFGGVLR	3	HCD	25
KVPDFLGSPGAEGKDR	4	HCD	25
KVPQVSTPTLVEVSR	3	HCD	25
KVQLVTDRDHFIR	4	HCD	25
KVSSSSPQSGCPSPTIPAGK	2	HCD	25
KVTLSVLSR	2	HCD	25
KVYENYPTYDLTER	2	HCD	25
KYNPSEEEYEK	2	HCD	25
KYTSPVYPWMQR	3	HCD	25
LAAAGDFGHDEASSR	3	HCD	25
LAAEKEALEQVAEEGR	3	HCD	25
LAAGPGAAEPLPVER	2	HCD	25
LAAQVLGLLLEK	2	HCD	25
LADLEQEQSSK	2	HCD	25
LADMTGLSRR	3	HCD	25
LAEAQTYLDKVENTCK	2	HCD	25
LAECLEHLQR	2	HCD	25
LAELWGKR	2	HCD	25
LAEQEAHYAVR	3	HCD	25
LAESRDYPWTLK	3	HCD	25
LAFLNVQAAEEALPR	2	HCD	25
LAGGDWFTSR	2	HCD	25
LAHGLLLGAPLAGPGVEAR	2	HCD	25
LAHIPVQTWKG	2	HCD	25
LAHNGDLRYLHAR	4	HCD	25
LAIDGLHLPK	2	HCD	25
LAIHMRSHTGER	3	HCD	25
LAILGIHNEVSK	3	HCD	25
LAINLGLKESQVK	3	HCD	25
LALFQAIGK	2	HCD	25
LALIGGLEGFLSK	2	HCD	25
LAMDAQATHLAR	3	HCD	25
LAMYDVAGPLEK	2	HCD	25
LAPEECFSPLDLFNK	2	HCD	25
LAQDGAHVVVSR	2	HCD	25
LAQGEYVAPEK	2	HCD	25
LAQHVKPEEHEQVK	4	HCD	25
LAQLEAALQQAK	2	HCD	25
LAQTTPVDSALGSSR	2	HCD	25
LAQYTIERYFTLVTR	3	HCD	25
LASFPFTKTGMLSR	3	HCD	25
LASLPPTKK	2	HCD	25
LATVGELQAAWR	2	HCD	25
LAVATFAGIENK	2	HCD	25
LAYCEGKLTYLADR	3	HCD	25
LCEEALLK	2	HCD	25
LCEGFNEVLK	2	HCD	25
LCLQHEDLAK	2	HCD	25
LCVNDVGGQRILVNK	2	HCD	25
LCWFLDEAAAR	2	HCD	25
LDAEPRPPPTQEAA	2	HCD	25
LDASTSHQNLR	2	HCD	25
LDDDPPPSTLLK	2	HCD	25
LDEQVVPVVSR	2	HCD	25
LDETQEAVEYQR	2	HCD	25
LDGGFAAVSR	2	HCD	25
LDGILSETIPIHGR	3	HCD	25
LDGVKEQLASQPDLR	3	HCD	25
LDHLENVIK	2	HCD	25
LDHLLCWLLEHR	3	HCD	25
LDHQHAHIR	2	HCD	25
LDIIETNVKPSILEAQK	2	HCD	25
LDISDEFSEAIK	2	HCD	25
LDLEAWAEK	2	HCD	25
LDNVLLDADGHIK	3	HCD	25
LDQELDFILSQQK	2	HCD	25
LDQLHQLRPIGTR	3	HCD	25
LDQTHLETVIPAPGK	2	HCD	25
LDSDQQHNLQEHSTTSV	2	HCD	25
LDSLGALPPEPSR	2	HCD	25
LDTFSYSTNVTVR	2	HCD	25
LDVGATEGQDLQHISNQK	2	HCD	25
LDVGNAEVK	2	HCD	25
LDVLESLIK	2	HCD	25
LDVTARPNQTLPAPK	3	HCD	25
LDYEETKSYEIQVK	2	HCD	25
LEAEIATYR	2	HCD	25
LEASNWLTHIK	2	HCD	25
LEAVSGLSR	2	HCD	25
LECQISAIPPPK	2	HCD	25
LEDILESINSIK	2	HCD	25
LEDPHVDIIR	2	HCD	25
LEDSGVHVIIGGHDSPSPR	4	HCD	25
LEDVLPLAFTR	2	HCD	25
LEEEEGQLK	2	HCD	25
LEEHYELR	2	HCD	25
LEEISPTSDSHEK	2	HCD	25
LEELSNIITAQR	2	HCD	25
LEGDTLIIPR	2	HCD	25
LEHEYIQNFK	3	HCD	25
LEHQLEPGDTLAGLALK	3	HCD	25
LEHVIFPGAGDEAISEYK	3	HCD	25
LEIYKPTARYCI	2	HCD	25
LEKGFILDGVAVSTAAR	3	HCD	25
LELKPLLLR	3	HCD	25
LELSESHPDSGEQTVR	2	HCD	25
LELTELEAIR	2	HCD	25
LENGGFPYEK	2	HCD	25
LENLLLLDLQHNR	3	HCD	25
LEPGGGAEAQAVR	2	HCD	25
LEQEHLLEDIAHVR	2	HCD	25
LEQEHLLEDIAHVR	4	HCD	25
LEQGEEPWR	2	HCD	25
LEQHVQALLR	3	HCD	25
LEQNQQHLQELQQEK	2	HCD	25
LEQVLSSMK	2	HCD	25
LERELEDDAR	3	HCD	25
LETLRHMEK	2	HCD	25
LETNEFQQLQSK	2	HCD	25
LEVHLVGGFSDDR	3	HCD	25
LEVYFQGR	2	HCD	25
LEYLLQFDQK	2	HCD	25
LFCIPVHGIR	2	HCD	25
LFCLQLR	2	HCD	25
LFEVESVTHHDYR	3	HCD	25
LFGALLER	2	HCD	25
LFKPPQPPAR	3	HCD	25
LFPELFDHR	2	HCD	25
LFPLIEAK	2	HCD	25
LFQDLQDLFDPSR	2	HCD	25
LFSVPDFVGDACK	2	HCD	25
LFTALFPFEK	2	HCD	25
LFVPLKAGGAPVGGAAGAR	2	HCD	25
LGAQLADLHLDNKK	3	HCD	25
LGCFKDGLPWTR	3	HCD	25
LGDAGNPRSLAIR	3	HCD	25
LGDDDVADGLAFHAK	3	HCD	25
LGEQMTQEAR	2	HCD	25
LGGAVPFAPPEVSPEQAK	2	HCD	25
LGGHGPSFPLK	2	HCD	25
LGGIGQFLAK	2	HCD	25
LGGNYGPTVLVQQEALK	2	HCD	25
LGHFAPVDAVADQR	3	HCD	25
LGHPDTLNQGEFK	3	HCD	25
LGIYTVLFER	2	HCD	25
LGLDILEVVPISK	2	HCD	25
LGLFSGAASPELK	2	HCD	25
LGLVLDQAEAEGVCR	2	HCD	25
LGNIEFKPESR	2	HCD	25
LGPEGELLIR	2	HCD	25
LGPGMADICK	2	HCD	25
LGPLVEQGR	2	HCD	25
LGPTEGRPQLK	3	HCD	25
LGQPDPAPSKK	3	HCD	25
LGSLVDEFK	2	HCD	25
LGSSEVEQVQLVVDGVK	2	HCD	25
LGTEPTSETQDELQR	2	HCD	25
LGVHCITGQK	3	HCD	25
LGVLTVTDTTPDSMR	2	HCD	25
LGWVRPDLGELSK	3	HCD	25
LHALTELVDVDFR	3	HCD	25
LHDSLAIER	2	HCD	25
LHDVELHQVAER	3	HCD	25
LHEIQISTGAIK	2	HCD	25
LHEQVLDLGLTWK	2	HCD	25
LHIDTENLR	3	HCD	25
LHIPPALTENDR	3	HCD	25
LHLYPKEWTL	2	HCD	25
LHPDGSPDVAGEK	3	HCD	25
LHPELSGPGVAAK	3	HCD	25
LHPHEVMQR	3	HCD	25
LHQLSGSDQLESTAHSR	4	HCD	25
LHQQHPLTLK	2	HCD	25
LHRVEDDVR	3	HCD	25
LHSNYQEISR	2	HCD	25
LHSSSHPTSIVK	2	HCD	25
LIAVFEEQEPLHK	2	HCD	25
LICCDILDVLDK	2	HCD	25
LIDIFQK	2	HCD	25
LIEEVHAVVTVR	2	HCD	25
LIEGLSHEVIVSAACGR	3	HCD	25
LIELHSPDSR	3	HCD	25
LIGATNPADAPPGTIR	2	HCD	25
LIGVPADAEALSER	2	HCD	25
LIIVEGCQR	2	HCD	25
LIKVCSSAPPR	3	HCD	25
LILGMPTYGR	2	HCD	25
LILYNDGDSLQYIER	2	HCD	25
LINLDKDSIPDK	3	HCD	25
LIPDGCGVK	2	HCD	25
LIQDQQEQIQHLK	3	HCD	25
LIQIPQLPENPPNFLR	2	HCD	25
LISETTSVCKPEQVAK	2	HCD	25
LISSDYYIWNSK	2	HCD	25
LITASGSYHK	2	HCD	25
LIVFENPNIPR	2	HCD	25
LKAESISEEADSEPGR	2	HCD	25
LKAPFLK	2	HCD	25
LKASSCESIPEEDSEAR	2	HCD	25
LKDEDLLPSK	2	HCD	25
LKDWEHSQTLR	3	HCD	25
LKDYYIFNK	3	HCD	25
LKEEYQSLIR	3	HCD	25
LKELIFQETAR	3	HCD	25
LKEQYAEMEK	3	HCD	25
LKEQYAEMEKDLAK	4	HCD	25
LKGGVVVDELGCSR	2	HCD	25
LKLDGLDEDGEK	2	HCD	25
LKPEIQCVSAK	2	HCD	25
LKQDPPVIHELR	2	HCD	25
LKQDPPVIHELR	4	HCD	25
LKQQAMEYYR	3	HCD	25
LKVEDALSYLDQVK	3	HCD	25
LLAEQLTLMDAELFK	2	HCD	25
LLAGDHPIDLLLR	3	HCD	25
LLAPDCEIIQEVGK	2	HCD	25
LLASATGHSDR	3	HCD	25
LLAYLVLRYR	3	HCD	25
LLCDIGHSEEK	3	HCD	25
LLDCLLESHR	3	HCD	25
LLDDVSFHPCIR	2	HCD	25
LLDELSPNTAPHK	2	HCD	25
LLDESESAASSR	2	HCD	25
LLDEYQERLFVGGR	3	HCD	25
LLDGPSTEKDLDEK	3	HCD	25
LLDMIETLK	2	HCD	25
LLDQNRDGHLQLR	3	HCD	25
LLEATAKPEPEEK	2	HCD	25
LLECLDYLTAPNPPTIR	2	HCD	25
LLEEGVLR	2	HCD	25
LLEGLDYLTAPNPPSIR	2	HCD	25
LLENISPADVGGMEETR	2	HCD	25
LLESIQQHSLDAVLAR	2	HCD	25
LLESSLSSSEGEEPVEYK	2	HCD	25
LLETQEQEIEDGR	2	HCD	25
LLEVLSGEQLPRPTR	3	HCD	25
LLGAITTAAER	2	HCD	25
LLGIGGHLSPQGK	2	HCD	25
LLGPGPAADFSVSVER	2	HCD	25
LLGVPIIVQASQAEKNR	2	HCD	25
LLHSDAFPPPR	2	HCD	25
LLHTQYHAVEK	3	HCD	25
LLISLSEER	2	HCD	25
LLIYETEAK	2	HCD	25
LLKDEIVDHWR	2	HCD	25
LLKLLHLGK	2	HCD	25
LLKPVFPGSVPSIR	3	HCD	25
LLLDGAPLIAIHK	2	HCD	25
LLLDNTQIMNALQK	2	HCD	25
LLLEGISSTHVNHLR	4	HCD	25
LLLGTSGEGK	2	HCD	25
LLLSEDHQR	3	HCD	25
LLLTYADNILR	2	HCD	25
LLLVSFDGFR	2	HCD	25
LLMPSQLVSQVGKELLR	3	HCD	25
LLNLQSLFVTSR	2	HCD	25
LLPQFLLHLDK	2	HCD	25
LLPQPPDTEFRR	2	HCD	25
LLPREPAAEDLR	3	HCD	25
LLQDVDINR	2	HCD	25
LLQEEEERR	3	HCD	25
LLQLGQQPR	2	HCD	25
LLQLSLER	2	HCD	25
LLRQLDAPVFVAYCSR	2	HCD	25
LLSELDQQSTEMPR	2	HCD	25
LLSFLGR	2	HCD	25
LLSGFGLER	2	HCD	25
LLSLQPVLQDAIQK	2	HCD	25
LLSPESGSLVR	2	HCD	25
LLSTGPTEPWSIR	2	HCD	25
LLSVFRQPLSSLWR	3	HCD	25
LLTFMGMAVENK	2	HCD	25
LLTPITTLTSEQIQK	2	HCD	25
LLVCPSKAIFFK	2	HCD	25
LLVFTAAGVKPQGK	3	HCD	25
LLVSASQDGK	2	HCD	25
LLYGTDDTDIQIFK	2	HCD	25
LLYNLRASLNK	2	HCD	25
LLYNRPGTVSSLK	2	HCD	25
LMDSVALK	2	HCD	25
LMEDLDR	2	HCD	25
LMGEDEKPAAK	2	HCD	25
LMGFIATPFIK	2	HCD	25
LMHLEFGR	2	HCD	25
LMSIMGNVLR	2	HCD	25
LMTLFMRYR	3	HCD	25
LNEILFPFYDAK	2	HCD	25
LNESTFDTQITK	2	HCD	25
LNETLQEWQKVHGTK	4	HCD	25
LNLAFVANLFNK	2	HCD	25
LNLKMFPVIGSPLAK	3	HCD	25
LNLTNDGNLSNDWDFPR	2	HCD	25
LNPTAPPSRQGSK	2	HCD	25
LNQDQLDAVSK	2	HCD	25
LNQVCFDDDGTSSPQDR	2	HCD	25
LNSNDEDIHTANER	3	HCD	25
LPAFTLSHLESHR	3	HCD	25
LPAPLSYVPVPMTGLTDR	2	HCD	25
LPASLMFEISDALK	2	HCD	25
LPDDIYPIDFHWFPK	3	HCD	25
LPEDQAVINR	2	HCD	25
LPFAEGLYHFYHNGLAK	2	HCD	25
LPFAEGLYHFYHNGLAK	4	HCD	25
LPFLPTPMGK	2	HCD	25
LPGGVQNFPQFSALR	2	HCD	25
LPGIPGKALLTETLLQR	3	HCD	25
LPLDVLGR	2	HCD	25
LPLGLLLHPFK	2	HCD	25
LPLQIEVSDTELSQIK	2	HCD	25
LPPGALAHR	2	HCD	25
LPPTLVSRLPAPVR	3	HCD	25
LPQGVYPDLETRPK	3	HCD	25
LPSCAQGSHTELLTAK	3	HCD	25
LPSGSEPRAR	2	HCD	25
LPSVLKPGASAASR	3	HCD	25
LPTVPITLTVK	2	HCD	25
LPVDLAEELGHR	2	HCD	25
LPVFSLQEKSYIK	2	HCD	25
LPWAVAGR	2	HCD	25
LQAAVDGPMDKKEE	2	HCD	25
LQACLQGQSGADMDK	2	HCD	25
LQAHLCNPR	2	HCD	25
LQALAEEPSQPHTR	2	HCD	25
LQAQNIQQR	2	HCD	25
LQDGTPQAALSPLTPAR	2	HCD	25
LQDPFSLYR	2	HCD	25
LQEEEQKKEELAR	2	HCD	25
LQEEEQKKEELAR	4	HCD	25
LQEESDYITHYTR	3	HCD	25
LQELDAASK	2	HCD	25
LQENLQQLQHSTNQLAK	3	HCD	25
LQFDVSSPNGILLFR	2	HCD	25
LQGQLLSIEHEVEAYK	3	HCD	25
LQGVLDSTLNSK	2	HCD	25
LQHLENELTHDIITK	3	HCD	25
LQIIPTLCHLLR	3	HCD	25
LQISTSLPR	2	HCD	25
LQLAQESARR	3	HCD	25
LQLLAKEEYK	2	HCD	25
LQLLEEENKER	2	HCD	25
LQLLGATCMFVASK	2	HCD	25
LQLTDLLIKPVQR	2	HCD	25
LQNILSQLR	2	HCD	25
LQNNNVYTIAK	2	HCD	25
LQQELDDLLVDLDHQR	2	HCD	25
LQQETAELEESVESGK	2	HCD	25
LQQLGEAHQAETEVLR	3	HCD	25
LQQPAVLQPLASCPR	2	HCD	25
LQQQLWSK	2	HCD	25
LQRMQETDEQR	3	HCD	25
LQSEPESIRK	3	HCD	25
LQSVEPQQDFAK	2	HCD	25
LQTHPSLASQGSKK	4	HCD	25
LQVISDFDMTLSR	2	HCD	25
LQVLHPFDPEQR	3	HCD	25
LQVSVDDQCEGSTEK	2	HCD	25
LRAANSLALR	3	HCD	25
LRADSLDSSGLSSER	3	HCD	25
LREDEPHLETPR	3	HCD	25
LREQQLVGEK	2	HCD	25
LRGATLAAPGAAEGAR	2	HCD	25
LRPGSIETYEQEK	2	HCD	25
LRPQDEPRQGCQPEDR	3	HCD	25
LRQELESFGDVK	3	HCD	25
LRSELDVVR	2	HCD	25
LSAEVPVASSPITTR	2	HCD	25
LSAKPAPPKPEPK	3	HCD	25
LSDFGFSCHLEPGEK	3	HCD	25
LSDGSAYR	2	HCD	25
LSDLEEENR	2	HCD	25
LSDLLDWK	2	HCD	25
LSEDDTTHFKLPK	3	HCD	25
LSENAGIQSLLLSK	2	HCD	25
LSEYNGYGKSLLSTK	2	HCD	25
LSFADYELAVR	2	HCD	25
LSFISEGEIKYFIDK	2	HCD	25
LSGGLGAGSCR	2	HCD	25
LSHAVGCAFAACLER	2	HCD	25
LSHCSHCVPK	3	HCD	25
LSHLLSEKPEDK	3	HCD	25
LSIEDSNYTKK	2	HCD	25
LSIPESR	2	HCD	25
LSKDGVDLITR	2	HCD	25
LSKSEMSLYAVLDLK	3	HCD	25
LSLAHCDWVDGLALR	3	HCD	25
LSLEIEQLELQR	2	HCD	25
LSLKNDAPQAK	3	HCD	25
LSLQPQQQQQR	2	HCD	25
LSNFTQTLEDVFRR	3	HCD	25
LSPIYNLVPVK	2	HCD	25
LSPTMNPALNPTR	2	HCD	25
LSQLSSHDPLWR	2	HCD	25
LSQRPTTEELEQR	2	HCD	25
LSRAVEETCR	2	HCD	25
LSSDCEDQIR	2	HCD	25
LSSLEGLHTK	3	HCD	25
LSSLGLLHWPVWVGAK	3	HCD	25
LSSPTDNLELSLR	2	HCD	25
LSTAANIGHMDTPK	2	HCD	25
LSTDHIPILYR	2	HCD	25
LSTLVETTLK	2	HCD	25
LSTTSETVSQR	2	HCD	25
LSVEIDTLRR	3	HCD	25
LSVILGLLKPDLYK	3	HCD	25
LSVYADKPETTK	2	HCD	25
LTCLFQIK	2	HCD	25
LTDISVTDPEK	2	HCD	25
LTEETQEYILNLFQR	2	HCD	25
LTELREAQEFVEK	3	HCD	25
LTERPELANK	2	HCD	25
LTEVPVEPVLTVHPESK	3	HCD	25
LTFRDVAIEFSLEEWK	3	HCD	25
LTGETINVDRALK	2	HCD	25
LTGLGQSNAALR	2	HCD	25
LTHLHEGLPVK	2	HCD	25
LTIAVSGDK	2	HCD	25
LTLASFTQGR	2	HCD	25
LTLSALVDGK	2	HCD	25
LTPGTTCR	2	HCD	25
LTQEHIEALLDK	3	HCD	25
LTQLFEEHQAR	2	HCD	25
LTQPQLENDSYAKEK	3	HCD	25
LTRPAASPAVGEK	3	HCD	25
LTSLLEETLNK	2	HCD	25
LTSSLEAGLQR	2	HCD	25
LTTLELLEVR	2	HCD	25
LTTVCPTSKPQTQGLAK	3	HCD	25
LTVVETVGYGDQIDK	2	HCD	25
LVALREQK	2	HCD	25
LVASTLQGVGGPEGSSPR	2	HCD	25
LVDPLFSMK	2	HCD	25
LVEDILSSCKV	2	HCD	25
LVEDQEKLK	3	HCD	25
LVELGQSSGKK	2	HCD	25
LVEQLKEER	2	HCD	25
LVEVEWEEHLAR	2	HCD	25
LVFLGEQSVGK	2	HCD	25
LVFQERAWYLEHK	4	HCD	25
LVGQRLVNYER	3	HCD	25
LVINSGNGAVEDR	2	HCD	25
LVLTGAIQVADK	2	HCD	25
LVLYPETSR	2	HCD	25
LVNSVSVNTDCVQQR	2	HCD	25
LVNVVLGAHNVR	3	HCD	25
LVPLVIAFR	2	HCD	25
LVQAFQYTDK	2	HCD	25
LVQHDLQVAK	3	HCD	25
LVQHVVSQNCDGLHLR	4	HCD	25
LVRPPQSPPK	3	HCD	25
LVRPPVQVYGIEGR	3	HCD	25
LVSETEWNLLQK	2	HCD	25
LVSLIGSK	2	HCD	25
LVSSKEDLAGPSAGSGSAR	3	HCD	25
LVSSQEQDREQLIQK	3	HCD	25
LVTFENVR	2	HCD	25
LVVFDAR	2	HCD	25
LVVGNGPEGPGLSSTGKR	2	HCD	25
LVVLPFPK	2	HCD	25
LVVVAEHCER	3	HCD	25
LVYQLNK	2	HCD	25
LWALQDFSCLK	2	HCD	25
LWEEQLAAAK	2	HCD	25
LWSNSHRPELVR	3	HCD	25
LWTEIPTAITIK	2	HCD	25
LYDILGVPPGASENELKK	2	HCD	25
LYDWIPQNDLLGHPK	3	HCD	25
LYFAQVQMSGEVR	2	HCD	25
LYGSAREAYGAGPAR	2	HCD	25
LYHVPSYLPK	2	HCD	25
LYKDYDMPR	2	HCD	25
LYKENEGKPENER	3	HCD	25
LYKGQEFAPK	2	HCD	25
LYPVLLVK	2	HCD	25
LYQQHGAGLFDVTR	3	HCD	25
LYQSTLLQDGLK	2	HCD	25
LYSILQGDSPTK	2	HCD	25
MAAKSTQDSLPR	3	HCD	25
MAALILVADNAGGSHASK	3	HCD	25
MACNIPNQRQR	2	HCD	25
MADEAILQER	2	HCD	25
MAEEGAILKVTK	2	HCD	25
MAEPEKLTAR	3	HCD	25
MAHGSVTFR	2	HCD	25
MAISEGGLLTDEIR	3	HCD	25
MALSTIVSQRK	2	HCD	25
MALTKASSVASSDK	2	HCD	25
MALYKNASYK	2	HCD	25
MANLTELELIR	2	HCD	25
MAQFDAK	2	HCD	25
MASSLNEDPEGSR	2	HCD	25
MAVQSKAFCAGGLAPGWK	2	HCD	25
MCLFAGFQR	2	HCD	25
MCYKKLEEVK	2	HCD	25
MDATSYSSIASEFGVR	2	HCD	25
MDELVKPENK	2	HCD	25
MDFKELQQVDPR	2	HCD	25
MDLIEHYGK	2	HCD	25
MDSDFSHAFQK	2	HCD	25
MDSTANEVEAVK	2	HCD	25
MEAAVAAPRPR	3	HCD	25
MEDASAYLTLPSYR	2	HCD	25
MEEMGVQGGR	2	HCD	25
MEGNTGHDRPG	3	HCD	25
MEKGLSSTIR	3	HCD	25
MELELSVTKLR	3	HCD	25
MELLCCEGTR	2	HCD	25
MENFNNFYILTSK	2	HCD	25
MEPLNRTEVSEFFLK	2	HCD	25
MEQEGSRALTSEAR	2	HCD	25
MEQLQDETNHLRK	3	HCD	25
MESALDQLK	2	HCD	25
MESGSTAASEEAR	2	HCD	25
METELKGSFIELR	3	HCD	25
MEVQLGLGR	2	HCD	25
MFEFFDRTETR	3	HCD	25
MFHCIPLWR	2	HCD	25
MFLLVGAPK	2	HCD	25
MFPSMCARLDTIISK	2	HCD	25
MFSDEILLSLTR	2	HCD	25
MFSINPLENLK	2	HCD	25
MGANINMQDAYGR	2	HCD	25
MGAYHTIELEPNR	3	HCD	25
MGGEAGCAAAVGAEGRVK	2	HCD	25
MGGEDDELK	2	HCD	25
MGGPEEFIQRFLPR	3	HCD	25
MGHHDDYYSR	2	HCD	25
MGLDGLQQDYIR	2	HCD	25
MGMYPPLLLKIYLSR	2	HCD	25
MGPFLLNAVR	2	HCD	25
MGSQEVLGHAAR	2	HCD	25
MGSVLSTDSGK	2	HCD	25
MHIGEKPYK	2	HCD	25
MHLHVQPLRAK	3	HCD	25
MIEIAKLLQSTK	2	HCD	25
MIFVGIK	2	HCD	25
MIKNLEVQLR	3	HCD	25
MIVDKLLDDSR	3	HCD	25
MIYIVSTVFCGHLGK	3	HCD	25
MIYPLDLFRNIPWK	3	HCD	25
MKLVTTEPAINEK	3	HCD	25
MKNVFFPLEVK	2	HCD	25
MKTLIAAYSGVLR	3	HCD	25
MKYGAWYLKPK	3	HCD	25
MLADLDDLNR	2	HCD	25
MLDGEVTDAVEAR	2	HCD	25
MLFATPPSSTYEK	2	HCD	25
MLGKDEDENVK	2	HCD	25
MLGNFLYK	2	HCD	25
MLISILTER	2	HCD	25
MLMSFVSRK	3	HCD	25
MLQPCGPPADKPEEN	2	HCD	25
MLSGSFEGQPAKER	3	HCD	25
MLVNFLVTKK	2	HCD	25
MNALDTLGQTALHR	2	HCD	25
MNDTVTIR	2	HCD	25
MNGTLDHPDQPDLDAIK	3	HCD	25
MNLENVESFK	2	HCD	25
MNQDGLGESAK	2	HCD	25
MNTVIAALSR	2	HCD	25
MPIVGLGTWK	2	HCD	25
MPLTEYLKR	3	HCD	25
MPQKVISALPSYQEGLK	3	HCD	25
MPRGFTWLR	3	HCD	25
MPSIAKDVFTK	3	HCD	25
MQDIPEETESR	2	HCD	25
MQEDWIEEECHR	3	HCD	25
MQEWETTPR	2	HCD	25
MQQLQESLLR	2	HCD	25
MQRVGNTFSNESR	3	HCD	25
MRPTADSFR	2	HCD	25
MSCTNTRVYEK	2	HCD	25
MSFLFSAFK	2	HCD	25
MSSMPKPER	2	HCD	25
MSVLNMVVR	2	HCD	25
MSVSARSAAAEER	3	HCD	25
MTDQEAIQDLWQWR	2	HCD	25
MTFPGRAGGGEAGSR	3	HCD	25
MTGKNWILISTTTPK	3	HCD	25
MTISQQEFGR	2	HCD	25
MTLQELVHK	2	HCD	25
MTRITELWSSPQWK	3	HCD	25
MTTAGRGNLGLIPR	3	HCD	25
MVDENDIRALNVR	3	HCD	25
MVEVDLHGR	2	HCD	25
MVFNEGEAQR	2	HCD	25
MVLPNLLEHETMAEVK	2	HCD	25
MVLQEWLSHLEK	2	HCD	25
MVNQLAVR	2	HCD	25
MVQFHFTNK	3	HCD	25
MVSNRTFSACHR	3	HCD	25
MVTSEEEMKLPSTK	3	HCD	25
MVYISNGQVLDSR	2	HCD	25
MYIAFVFKEK	2	HCD	25
MYQRHVGTQLPEAAR	2	HCD	25
MYTSEEKCNQR	3	HCD	25
NAAGALDLLK	2	HCD	25
NAAIAVLEELKK	3	HCD	25
NAAPLTIRPPTDWE	2	HCD	25
NAESDQQGVAQGIITGIR	2	HCD	25
NAGNEQDLGIQYK	2	HCD	25
NAIWIDCGIHAR	2	HCD	25
NALLEQQVR	2	HCD	25
NAVEEYVYDFR	2	HCD	25
NAVGGADSGPGVDR	2	HCD	25
NAVVVITGATSGLGK	2	HCD	25
NCPFQLCSPIRPPK	3	HCD	25
NDADEKHPEHAEQNIR	3	HCD	25
NDEMQEAPNRVLAPK	2	HCD	25
NDLDTLLSMEIK	2	HCD	25
NDLLDVVASIDLSR	2	HCD	25
NDTILEVWLR	2	HCD	25
NEADGMPINVGDGGLFEK	2	HCD	25
NEGVATYAAAVLFR	2	HCD	25
NELAAIIPLVVK	2	HCD	25
NELEHLQYK	2	HCD	25
NELHSIFFTQIK	3	HCD	25
NENEEILERPAQLANAR	3	HCD	25
NEVDRTAADHQTILR	3	HCD	25
NFDGLEEIDR	2	HCD	25
NFEEFFNLHR	3	HCD	25
NFLEDGESDGFLR	2	HCD	25
NFLVYLQCWKLCK	3	HCD	25
NFPDLNTYIYYNEK	2	HCD	25
NFSKFSDCTR	3	HCD	25
NFVFWQDIR	2	HCD	25
NFYVEVPELAK	2	HCD	25
NGDLDEVKDYVAK	3	HCD	25
NGFPLPLAR	2	HCD	25
NGFYTTNAHAR	3	HCD	25
NGLITMQSHVIR	3	HCD	25
NGQCNIAFANMDEKSQR	3	HCD	25
NGTLTSFVPRPGPLK	2	HCD	25
NGVPNFLK	2	HCD	25
NHDEESLECLCR	3	HCD	25
NHFTVAQAEDFDK	3	HCD	25
NHIILQENAQHATR	2	HCD	25
NHIPITEQGDAPR	2	HCD	25
NHNALLASLTTQK	2	HCD	25
NHNPDKVCWATNSQAK	2	HCD	25
NHQNIEPSEK	2	HCD	25
NHSLAFVGTK	2	HCD	25
NHVHIANPDFIWK	3	HCD	25
NIDTLIVDVYPVLDTPAK	2	HCD	25
NIEDVIAQGIGK	2	HCD	25
NIEWLK	2	HCD	25
NIEYPVDLEISK	2	HCD	25
NIGDDIDDEKLK	3	HCD	25
NIGNGIISSPLTGK	2	HCD	25
NILETLLQMK	2	HCD	25
NILNENDIVFIVEK	2	HCD	25
NINCSIEESFQR	2	HCD	25
NIPEGSHQYELLK	2	HCD	25
NIQFAHANKPK	2	HCD	25
NITWTLSNLCR	2	HCD	25
NIVAVGAGFCDGLR	2	HCD	25
NKAEECETWIDR	2	HCD	25
NKIGPLFEELMTK	2	HCD	25
NKISYFR	2	HCD	25
NLAKEQLSR	2	HCD	25
NLAVSQVVHK	2	HCD	25
NLAYDTLPVLIHGNGPTK	3	HCD	25
NLDDLTLLK	2	HCD	25
NLDINGKALALMIK	3	HCD	25
NLDNAAEAAEQFK	2	HCD	25
NLDQSGTNVAK	2	HCD	25
NLDRPHEPEKVPR	4	HCD	25
NLEELEEK	2	HCD	25
NLEHLVEER	2	HCD	25
NLELGLTQGSFAFIHK	2	HCD	25
NLEPEWAAAASEVK	2	HCD	25
NLFHFDESTTGSNFSFK	2	HCD	25
NLGIEAVPWTADIPLK	2	HCD	25
NLIAAVAPGAFLGLK	2	HCD	25
NLIHGSDSVESAR	3	HCD	25
NLINQMLTINPAK	2	HCD	25
NLLCGFYGR	2	HCD	25
NLLDKDWNIFSK	3	HCD	25
NLLEIEDIFHK	3	HCD	25
NLLHQDAVDLFR	3	HCD	25
NLLISDLKMER	2	HCD	25
NLPMDTFTVAR	2	HCD	25
NLQEVLGEEK	2	HCD	25
NLQLLGATAIEDK	2	HCD	25
NLQSEKETYQLSK	2	HCD	25
NLRVSHTEANSVDAEK	3	HCD	25
NLSKGYNQRPEGSK	3	HCD	25
NLSLNDCFVKVPR	3	HCD	25
NLTEDNSQNQDLIAK	2	HCD	25
NLVPRDEELCIYENK	3	HCD	25
NLYGTSIDSVR	2	HCD	25
NMEDLVEDFK	2	HCD	25
NMGLSPPASSTSTSSTCR	2	HCD	25
NNFLLPYFTEDEK	2	HCD	25
NNICLDLSPSHGLDGR	2	HCD	25
NNLEALEDFEK	2	HCD	25
NNMPEFHK	2	HCD	25
NNPPTLVGDFTK	2	HCD	25
NNTQVLINCR	2	HCD	25
NPEQEPIPIVLR	2	HCD	25
NPEVPVNFAEFSK	2	HCD	25
NPIDQGNPAR	2	HCD	25
NPPVNAISTTLLR	2	HCD	25
NPSVIDKQDKD	2	HCD	25
NPYKALMAEFNR	3	HCD	25
NQDEGILPSGR	2	HCD	25
NQELLQSQLTEK	2	HCD	25
NQHFEVPFIAFYR	3	HCD	25
NQVERSQMTFGR	3	HCD	25
NRLEETAR	2	HCD	25
NSDLLLLVDTHKK	3	HCD	25
NSGFWHSSLIDR	3	HCD	25
NSGSYACHTTNSATGR	3	HCD	25
NSHPAELDLPR	3	HCD	25
NSIKVYQGLK	2	HCD	25
NSLLTILDQLQR	2	HCD	25
NSPNNMSLSNQPGTPR	2	HCD	25
NSQLIVHQRTHSGEK	3	HCD	25
NSSGPWLRADSQR	2	HCD	25
NSSPSDSKPPFSQGQEK	3	HCD	25
NSSVLEQSFLR	2	HCD	25
NSTDSRPVSVTYR	2	HCD	25
NSTFAEEFAHSIR	2	HCD	25
NSVIFFDITVDGKPLGR	3	HCD	25
NSYNNSQAPSPGLGSK	2	HCD	25
NTEYFNQLK	2	HCD	25
NTILSAIHESTSVAK	3	HCD	25
NTPSFLIACNK	2	HCD	25
NTSTQTTLHPVI	2	HCD	25
NTVEITELPVR	2	HCD	25
NTVSQSISGDPEIDKK	3	HCD	25
NTVVATGGYGR	2	HCD	25
NTWELKPEYR	3	HCD	25
NVAPMKAPK	2	HCD	25
NVEGVDIFFFNR	2	HCD	25
NVGQFSGFPFEK	2	HCD	25
NVKQHADQTVNEDSEGR	3	HCD	25
NVLISVLQAIR	2	HCD	25
NVLLCLEER	2	HCD	25
NVRTGERPYECSK	3	HCD	25
NVVHKVVFYANQ	2	HCD	25
NWQGGILSGGFEK	2	HCD	25
NWTPQAMLYLKGAQGR	3	HCD	25
NYEYLIR	2	HCD	25
PAGMAQLTNMDPPRK	3	HCD	25
PAPPKPEPKPK	3	HCD	25
PAPVVHRGFGR	3	HCD	25
PASSYTFERDK	2	HCD	25
PAVSDSLLYKR	2	HCD	25
PCGVVLDPSGYK	2	HCD	25
PEFLEDPSVLTK	2	HCD	25
PEKPLFSSASPQDSSPR	3	HCD	25
PEMIFKLER	3	HCD	25
PEQDPAKSPGSPLLLR	3	HCD	25
PERDHVEFQHPSFVR	4	HCD	25
PETIIIPEQSQIKK	3	HCD	25
PFEYGKSFNR	3	HCD	25
PFLSSLEGHIYLK	3	HCD	25
PGAGNSYLDKVGLVLR	3	HCD	25
PGGGADGGPEASGAARSR	2	HCD	25
PGKPEGSPSQGGNK	2	HCD	25
PGLSEKAISIWESK	3	HCD	25
PGLVVVHAEDGTTSK	3	HCD	25
PGPGLGPDNQTEERR	3	HCD	25
PHQNQYLGEKPYR	3	HCD	25
PIEDLCANSPRNYAK	2	HCD	25
PISGTCYTVGGLIERQK	3	HCD	25
PKEPSQQPIR	3	HCD	25
PLAEGPQVTGPIEVPAAR	2	HCD	25
PLGLTFSFPCR	2	HCD	25
PLMTPELADVYR	2	HCD	25
PLSSNLLEKLQK	2	HCD	25
PLTYSLKGSTQQSR	2	HCD	25
PMEPIITNDRFTSQR	3	HCD	25
PNMPSEKPTIPSEK	3	HCD	25
PPRTVLLFGPR	2	HCD	25
PPSPRPPGAPESR	3	HCD	25
PRAYTITISR	2	HCD	25
PREEGPALSQK	2	HCD	25
PRLATPPVVAR	3	HCD	25
PRPLVEWLR	2	HCD	25
PSCCISSCCKPSCCR	3	HCD	25
PSGRLLAGGGQGPEPR	3	HCD	25
PSVGDNKPVELQPER	2	HCD	25
PSWQGTPGVLRGSR	3	HCD	25
PTGSFPQNPLGKEK	3	HCD	25
PTKEDEEEDEPVVIK	3	HCD	25
PVATYTNSSQPFR	2	HCD	25
PVDPERVPELYK	3	HCD	25
PVLLLHAADSEAQRR	4	HCD	25
PVSSKCPSLTSECHR	4	HCD	25
PYECIECGKAFR	3	HCD	25
PYECVECEKPSISK	2	HCD	25
PYICKVCDK	2	HCD	25
PYICNECGKSFCQK	2	HCD	25
PYLLISTQIR	2	HCD	25
PYQCEECGKTFR	3	HCD	25
PYQCIVCGKR	3	HCD	25
PYTCPFCKTSYR	3	HCD	25
PYVCNECGKAFGLK	3	HCD	25
QAAFEVEGESSGAGLSADR	2	HCD	25
QAAPAENEAPQTQGKR	3	HCD	25
QAIGIALETR	2	HCD	25
QALTIELQK	2	HCD	25
QAQAAVLAVLPR	2	HCD	25
QAQTQTSPEHLVLQQK	3	HCD	25
QAVIGNLDEEQYK	2	HCD	25
QCDDLIGRGSR	2	HCD	25
QDAYDGKDYIALNEDLR	3	HCD	25
QDPKMQVYK	3	HCD	25
QDVNECGQKPGLCR	3	HCD	25
QEEAFALK	2	HCD	25
QEISSLKDELQTALR	2	HCD	25
QEKNNEYCLQDIDDK	2	HCD	25
QELEAQKRAFEEEQK	3	HCD	25
QELQNLVAIPEKEK	2	HCD	25
QELSQSVSSTTRPLLR	3	HCD	25
QENVLVICHQAVLR	3	HCD	25
QEPEEQSLQKLYQNR	3	HCD	25
QEQRPLPNVSTER	3	HCD	25
QERLIEEIK	3	HCD	25
QFLQGQNFFLQEFGK	2	HCD	25
QGAFITLVAR	2	HCD	25
QGDTGDWIGTFLGHK	3	HCD	25
QGEFIEMKSNLK	3	HCD	25
QGEVIDIR	2	HCD	25
QGGVNTDKVQCFDPK	3	HCD	25
QGQAPEQQQR	2	HCD	25
QGTFHSQQALEYGTK	3	HCD	25
QHLLDARPAIR	3	HCD	25
QIDQFANEVER	2	HCD	25
QIFHPEQLITGK	2	HCD	25
QIGLDQIWDDLR	2	HCD	25
QILEGVHFLHTR	3	HCD	25
QININNPFVFK	2	HCD	25
QIPTHDYQK	3	HCD	25
QIQVAEAQNVLKIAR	3	HCD	25
QIQVNDEDVR	2	HCD	25
QISSGEYREPTQPSDAR	3	HCD	25
QKLLSDDNWK	3	HCD	25
QLANYNFDFR	2	HCD	25
QLCFEANAKAPR	3	HCD	25
QLELLAQDYK	2	HCD	25
QLELMSSSKSQEESR	3	HCD	25
QLFNSLATQEGEWK	2	HCD	25
QLGQDLLNSYIENEGK	2	HCD	25
QLIPIFTDVALK	2	HCD	25
QLIVANAGDSR	2	HCD	25
QLLDLELR	2	HCD	25
QLLEGEESR	2	HCD	25
QLLLIAGLTR	2	HCD	25
QLLQLLTTYIVR	2	HCD	25
QLLVINESIESIK	2	HCD	25
QLPYFIRPAVPK	2	HCD	25
QLQAQDEEGGGHVPERPK	3	HCD	25
QLQFLWGVPLIR	2	HCD	25
QLTIQYQEER	2	HCD	25
QLVDTTVELANK	2	HCD	25
QLVLIDYGDQYTAR	2	HCD	25
QLYETTDTTTR	2	HCD	25
QMVNEDEENQDTAK	2	HCD	25
QNCVTELASHPSR	2	HCD	25
QNKPENWDVWYESK	3	HCD	25
QNSHWDPVSLISHALK	4	HCD	25
QPAFTIHVDEAEKEAQK	3	HCD	25
QPAIISQLDPVNER	2	HCD	25
QPSSSPSSIIR	2	HCD	25
QQEAEELEADIREEK	3	HCD	25
QQHLSQAFINQHTVER	2	HCD	25
QQHLSQAFINQHTVER	4	HCD	25
QQIQAGLELAQARK	3	HCD	25
QQLAAYQEEAER	2	HCD	25
QQLLIGAYAK	2	HCD	25
QQPDTELEIQQK	2	HCD	25
QQQPQFSHGQK	3	HCD	25
QRQEELCLAR	2	HCD	25
QRSADEQLHCAGK	3	HCD	25
QRTPLDILTR	3	HCD	25
QRVDQILETR	3	HCD	25
QSLGHGQHGSGSGQSPSPSR	3	HCD	25
QSLLLEER	2	HCD	25
QSQKPLSLQGICKR	4	HCD	25
QSWGLLGAPIQAR	2	HCD	25
QTPVLPPTITDQIR	2	HCD	25
QTSQERVVDK	2	HCD	25
QVAEQGGDLSPAANR	2	HCD	25
QVIDSLTKTLK	3	HCD	25
QVLLVGAPTYDDVSK	2	HCD	25
QVPICGDQPEAK	2	HCD	25
QVTTPDVEK	2	HCD	25
QVVNFGPGPAK	2	HCD	25
QYFFETKCR	3	HCD	25
RADQLADESLESTR	2	HCD	25
RAISGDLTAEEELDK	2	HCD	25
RASLLVGGLAGPGGAR	3	HCD	25
RCSLLTGVGVLVSALK	3	HCD	25
RDEDGDGEGPGDVTAGVSR	2	HCD	25
RDEFEFLEK	2	HCD	25
RDGPDLAEYYYDAHL	3	HCD	25
RDKVMFYGR	3	HCD	25
REDIQQFFEEFQSK	2	HCD	25
REDLFIVSK	2	HCD	25
REGGEAEARPYR	3	HCD	25
REQYILATQQNNLPR	3	HCD	25
RESPTCNLFPASK	2	HCD	25
RFLFHYSR	3	HCD	25
RFSCLLLSTSEIDLSVK	3	HCD	25
RFTQNSQLYTHR	3	HCD	25
RGDSPWQVVLLDSK	3	HCD	25
RGEWDAPSGK	2	HCD	25
RGGAALAPSLTR	3	HCD	25
RGPPPPPR	2	HCD	25
RHDGSVDFNRPWEAYK	3	HCD	25
RIDQAVEEWNIEK	3	HCD	25
RIEFAEQINK	2	HCD	25
RIGATQTSTASLK	3	HCD	25
RILDEIEEHNIK	3	HCD	25
RITLANCQGQPSALR	3	HCD	25
RLAELER	2	HCD	25
RLCSAAVPAGR	2	HCD	25
RLDYLNLK	2	HCD	25
RLEIQATGNTTTSTISR	3	HCD	25
RLENILILSSK	2	HCD	25
RLLCPSAQELR	2	HCD	25
RLLGENSVPPSPSR	3	HCD	25
RLQNWVYNVLERPR	3	HCD	25
RLSPQPQIR	2	HCD	25
RLSSAPSSRAEPIR	4	HCD	25
RLSTSPDVIQGHQPR	3	HCD	25
RMEGCSGPVLLVLR	3	HCD	25
RNPIDVDPFTYQSTR	2	HCD	25
RNSEFEIFVDCDINR	2	HCD	25
RNSVTPLASPEPTK	2	HCD	25
RPAEDYVPR	2	HCD	25
RPATGGDRELLQWLER	3	HCD	25
RPCVDPELADR	2	HCD	25
RPFGVKYNPYTR	3	HCD	25
RPGIGLSPSHR	3	HCD	25
RPLDEAVAGAEGR	2	HCD	25
RPLNNNSEIALSLSR	2	HCD	25
RPLSPALNALKQEEYSR	3	HCD	25
RPLVASEFLGQLVK	2	HCD	25
RPPEAPAEDR	2	HCD	25
RPPENEAPPVPFLHAQR	3	HCD	25
RPQNWPEQYR	2	HCD	25
RPSAPVDFSK	2	HCD	25
RPSSNLNNNVR	3	HCD	25
RQDTLMGHDDAVSK	3	HCD	25
RQPAMAPGVTGLR	2	HCD	25
RQQLYIGSASAVAQVR	3	HCD	25
RQQVLLLYR	3	HCD	25
RQTIDFPLLTSLGK	3	HCD	25
RRALGAVFATWR	3	HCD	25
RSEDLDNATEVNPK	2	HCD	25
RSEEEEAPPDGAVAEYR	2	HCD	25
RSNLSLASLTFQR	3	HCD	25
RSPEANPASGEEGWK	3	HCD	25
RSPSYPPPGCGK	2	HCD	25
RSPVPAQIAITVPK	3	HCD	25
RSSQAGIPVR	2	HCD	25
RTAAENEFVVLKK	3	HCD	25
RVASTFSQFPDDAVDYK	2	HCD	25
RVDPDVAQHWAK	3	HCD	25
RVDSITAAGGEGPFPTSR	3	HCD	25
RVEELVAK	2	HCD	25
RVEMANLLNLSER	3	HCD	25
RVEPTVTISPSR	3	HCD	25
RVGLSSDETSSDSLK	3	HCD	25
RVLGMPVATK	2	HCD	25
RVPVLGSLLNLPGIR	3	HCD	25
RVTEGQIPETGLR	3	HCD	25
RWEATQQVLR	3	HCD	25
RWQEMGYIFYPR	2	HCD	25
RWYCLDLR	2	HCD	25
RYDGSQQALDLK	2	HCD	25
SAAGLHFQDR	2	HCD	25
SADEVLFTGVK	2	HCD	25
SADIGAEGAPSHLK	3	HCD	25
SAEEMVQIR	2	HCD	25
SAEFLLHMLK	2	HCD	25
SAFCKIISR	2	HCD	25
SAFEKPQIIAHIQK	3	HCD	25
SAFQTLEK	2	HCD	25
SAFTLDGWFK	2	HCD	25
SAINEVVTR	2	HCD	25
SALAYVDGK	2	HCD	25
SALFAQLNQGEAITK	2	HCD	25
SALYYVDLIGGK	2	HCD	25
SANPVHACYRESEQNK	4	HCD	25
SAPGDPNALVK	2	HCD	25
SAPLDAALHALQEEQAR	2	HCD	25
SAPLLLPGR	2	HCD	25
SAPSTHSHAYTQHPGIK	3	HCD	25
SAQAEEELAALR	2	HCD	25
SAQKIKPVLER	3	HCD	25
SASVQGFFLNHYLSK	3	HCD	25
SATEYKNEEYQR	2	HCD	25
SATHENDIALVR	3	HCD	25
SATLDNPDSRTLLVHK	3	HCD	25
SAVGHEYVAEVEK	2	HCD	25
SAVGNLALR	2	HCD	25
SAVNLAERCEQR	2	HCD	25
SAYAFSHQR	2	HCD	25
SCAVGFSGVLFALK	2	HCD	25
SCDTPPPCPR	2	HCD	25
SCDVTSNTCLGPSIQTR	2	HCD	25
SCFNLSDDIR	2	HCD	25
SCIMNSGASGSR	2	HCD	25
SCYLSSLDLLLEHR	2	HCD	25
SDALQLGLGK	2	HCD	25
SDLAVPSELALLK	2	HCD	25
SDLETVVHQLEQEK	2	HCD	25
SDLIPTIK	2	HCD	25
SDLVNEEATGQFR	2	HCD	25
SDTSESGAGLTR	2	HCD	25
SDVQIHVPTFTFR	3	HCD	25
SDYISDEALESLPGFK	2	HCD	25
SEANATQLLR	2	HCD	25
SEDELRPEVDEHTQK	4	HCD	25
SEDGRLRPLR	3	HCD	25
SEEKPEVAPVENR	2	HCD	25
SEERPERLLVSTR	3	HCD	25
SEESDGKLIEDSLIQLR	3	HCD	25
SEFSALRAENEK	3	HCD	25
SEIDNELFQFYK	2	HCD	25
SEIHLFLQR	3	HCD	25
SEINTEVNEK	2	HCD	25
SEIPKCSNSPGPLGK	3	HCD	25
SELAATLVK	2	HCD	25
SELTETQAEK	2	HCD	25
SEMHVPSVALR	3	HCD	25
SENEEFVEVGR	2	HCD	25
SEPWTLALENVVGAK	2	HCD	25
SEQAVAQLEEEKK	3	HCD	25
SEQLLRIDDHDFSMR	3	HCD	25
SESHVIQDIALK	3	HCD	25
SESPKEPEQLR	2	HCD	25
SESVPPVTDWAWYK	2	HCD	25
SETAPLAPTIPAPAEK	2	HCD	25
SEVLNIDNPDLAK	2	HCD	25
SEWIYDTPVSPGK	2	HCD	25
SFADAQGCTDLHK	2	HCD	25
SFAFRSAIIQHR	3	HCD	25
SFEGNNNYDTPELR	2	HCD	25
SFEKCLPPNLDLLK	3	HCD	25
SFENSLGINVPR	2	HCD	25
SFGFHLQQELGR	2	HCD	25
SFGFVSSGAFAPLTK	2	HCD	25
SFGHFPGPEFLDVEK	3	HCD	25
SFGQLSNLKVHLR	3	HCD	25
SFICPAEGCGK	2	HCD	25
SFLAAANEEILESIR	2	HCD	25
SFLEGTMQVAQSR	2	HCD	25
SFLTAEDCFELGK	2	HCD	25
SFLTQHQR	2	HCD	25
SFNDSSNFGAHQR	2	HCD	25
SFNFNTLLGEEWK	2	HCD	25
SFNLHETITK	2	HCD	25
SFQQLTMEK	2	HCD	25
SFSAHCTQVVNAK	2	HCD	25
SFSGCLPLPKVR	2	HCD	25
SFTPVFLGSALK	2	HCD	25
SFVFILEPK	2	HCD	25
SFWEMEKSFR	3	HCD	25
SFYYLASFKVTNIK	3	HCD	25
SGAQASSTPLSPTR	2	HCD	25
SGDEAPGLFFVDAER	2	HCD	25
SGDEEFKGEDELCDSGR	3	HCD	25
SGEHLNPDQLEAVEK	3	HCD	25
SGEYWVDPNQGCK	2	HCD	25
SGFLVWR	2	HCD	25
SGGAAPSAGPSSSNRLPLK	2	HCD	25
SGGIETIANEYSDR	2	HCD	25
SGGTALHVAAAK	2	HCD	25
SGIQNTAMLLK	2	HCD	25
SGLGSPTDIK	2	HCD	25
SGQQIVGPPR	2	HCD	25
SGSIGAADSPENWEK	2	HCD	25
SGTHLPSNTKNNSSMVGK	3	HCD	25
SGVVLATVAR	2	HCD	25
SGYIDEHELDALLK	2	HCD	25
SGYSSSSHQYPSGYHK	2	HCD	25
SHAELETALR	2	HCD	25
SHDGAVHKPYNCSHCGK	4	HCD	25
SHGAAPALDTAITSR	2	HCD	25
SHHFEDSK	2	HCD	25
SHKEDDGCSCSICGK	3	HCD	25
SHPEIQFAEINK	3	HCD	25
SHSHFDKLGETK	2	HCD	25
SHTILLVQPTK	2	HCD	25
SHWAELEISGR	2	HCD	25
SHYGYEVEEVK	2	HCD	25
SIDDGELLHGILK	2	HCD	25
SIDNYYRLVTTK	2	HCD	25
SIDPVLMAPTCVFLASK	2	HCD	25
SIEEIVSFQHLR	3	HCD	25
SIGQAVQPWVEAVR	2	HCD	25
SIGSVSCDGR	2	HCD	25
SIKENASAGVER	3	HCD	25
SINHQIESPSER	3	HCD	25
SINITHAMAHK	3	HCD	25
SIQGDGEGDGDLK	2	HCD	25
SISKLLEQGNISIPK	3	HCD	25
SITVKVNSTYGNSSR	2	HCD	25
SIYIQSIGSLGNTR	2	HCD	25
SKEQEVNELLQK	2	HCD	25
SKEQLTPLIK	2	HCD	25
SKPFSELSDSDLEEK	2	HCD	25
SKPIVNFKDDLKPTLV	3	HCD	25
SKPSEGDVFPGQVK	3	HCD	25
SKSEAEALYQTK	3	HCD	25
SKSEVIEDSDVETVSEK	3	HCD	25
SKTLGLEASIFR	3	HCD	25
SLAEIEKEYEYSFR	2	HCD	25
SLAPSIHGHDYVK	3	HCD	25
SLCMFEIPKE	2	HCD	25
SLCQYAHPGLALHTVR	4	HCD	25
SLDGVTNDR	2	HCD	25
SLDLLTMKNLDSK	3	HCD	25
SLDNGGYYISPR	2	HCD	25
SLDWNSLLRQK	3	HCD	25
SLEEGEGPIAVIMTPTR	2	HCD	25
SLESINSR	2	HCD	25
SLETLTQDHSNTVR	3	HCD	25
SLFDYHDTR	2	HCD	25
SLFEASQQLLNEMK	2	HCD	25
SLFFHHIPSTCQR	3	HCD	25
SLFHYTSSITTK	3	HCD	25
SLFLFSEDNVVRK	3	HCD	25
SLGDQYVKDEFRR	3	HCD	25
SLGEEIQESLK	2	HCD	25
SLGSAGPSGTLPR	2	HCD	25
SLGVVLPTPLLLR	2	HCD	25
SLHFQATLQEK	3	HCD	25
SLHQELEFLR	2	HCD	25
SLHTLFGDK	2	HCD	25
SLIDGILTNKK	3	HCD	25
SLKPDFVLIR	2	HCD	25
SLKPLLEK	2	HCD	25
SLLNLLSSQEEDFNSK	2	HCD	25
SLPAELGNMVSLR	2	HCD	25
SLPLLLSQAGVR	2	HCD	25
SLPVQGLSETVGILHK	2	HCD	25
SLQAEGFNNHVLSVR	3	HCD	25
SLQEALQNQLKETSEK	3	HCD	25
SLQLNGMTLDLEER	2	HCD	25
SLQQLAEER	2	HCD	25
SLRLYARWQSR	3	HCD	25
SLSAPGNLLTK	2	HCD	25
SLSLGEVLDGDR	2	HCD	25
SLSSSQLECLSR	2	HCD	25
SLSVHSGTTGSLKR	3	HCD	25
SLTLDTWEPELLK	2	HCD	25
SLTYYTNLQVK	2	HCD	25
SLVTNCKPVTDK	3	HCD	25
SLYHGTFDAFIK	3	HCD	25
SMKAPSEPR	2	HCD	25
SNANLPSSLR	2	HCD	25
SNEKEQLQGLNDR	2	HCD	25
SNEQCSFIEYKDFK	2	HCD	25
SNFETKHGIPLQGGK	3	HCD	25
SNFKPSLLAQK	3	HCD	25
SNIYGKTFTLGK	3	HCD	25
SNNVEMDWVLK	2	HCD	25
SNPGGFGIAPHCLDEGTVR	2	HCD	25
SNSEVEDVGPTSHNR	3	HCD	25
SNVIHQFFCDIPSLLK	3	HCD	25
SPAESAAAGLTCLPSVTR	2	HCD	25
SPAGLQVLNDYLADK	2	HCD	25
SPAQYQVVLSER	2	HCD	25
SPDELPSAGGDGGK	2	HCD	25
SPDLGHSTQIPR	3	HCD	25
SPEFSEASPQMSLK	2	HCD	25
SPEVASSPSYLTVPRR	3	HCD	25
SPGDYVPK	2	HCD	25
SPGMDSKPWYCNK	3	HCD	25
SPGTRPEDEAEGKPPQR	3	HCD	25
SPHHPGFLYGSATPEDR	2	HCD	25
SPHNSGLVNLTER	2	HCD	25
SPLEKDSSPGSSSTSLLIK	2	HCD	25
SPLGGGGGSGASSQAACLK	2	HCD	25
SPLSSPQQTQLLGELEK	2	HCD	25
SPNVLLQNLCCR	2	HCD	25
SPPGAEEPQAPPASR	2	HCD	25
SPPILPTLDSLK	3	HCD	25
SPPYQLDSQGR	2	HCD	25
SPQLLNQPVSWCK	2	HCD	25
SPSRLSPK	2	HCD	25
SPSTSCLYGKK	3	HCD	25
SPTAPPDLYFQDSGLSR	2	HCD	25
SPVCSCESASPCPK	2	HCD	25
SPVTNIAR	2	HCD	25
SQAFIEMETR	2	HCD	25
SQDILLSVENTVIYR	2	HCD	25
SQEGDSISVIGR	2	HCD	25
SQEGRPVQVIGALIGK	3	HCD	25
SQGGEPTYNVAVGR	2	HCD	25
SQHSSGNGNDFEMITK	3	HCD	25
SQLDIIIHSLK	3	HCD	25
SQLILHTRTHTGER	3	HCD	25
SQNPVQPIGPQTPK	2	HCD	25
SQQEREQELLAIGK	2	HCD	25
SQQSTLVTR	2	HCD	25
SQVILGAHSITR	2	HCD	25
SQVMTHLHVIEER	3	HCD	25
SRAWQDNLHLVTK	3	HCD	25
SRPELLEYYIK	2	HCD	25
SRPLSSNLLEKLQK	3	HCD	25
SRSDNALHLASER	3	HCD	25
SRSGDVLAKNPVVR	4	HCD	25
SRVAAWVVSNFQER	2	HCD	25
SSAIGIENIQEVQEK	2	HCD	25
SSALVIQSYIR	2	HCD	25
SSDGTWARPVGK	2	HCD	25
SSDTSGSPATPLK	2	HCD	25
SSEELAAFQK	2	HCD	25
SSEEQQQDVSEFTHK	3	HCD	25
SSEKIVYVYMK	2	HCD	25
SSENGALPVVSVVR	2	HCD	25
SSENSSAERDLADVK	3	HCD	25
SSFESSCPQQWIK	2	HCD	25
SSGLPNIPVQTISR	2	HCD	25
SSIIFAGGDK	2	HCD	25
SSITGSECSPAEDSKSK	2	HCD	25
SSKLLLTTNNSGLEK	2	HCD	25
SSKTSPDISHQQAAALLR	3	HCD	25
SSLFISYPVER	2	HCD	25
SSLIQHQRVHTGK	3	HCD	25
SSLLGLEK	2	HCD	25
SSLVSALLGEMEK	2	HCD	25
SSMAAVALR	2	HCD	25
SSQTPEAVCGLQSPQGAEV	2	HCD	25
SSSKQSSSEEDALTEPR	3	HCD	25
SSSQSGSGPSSPDSVLRPR	3	HCD	25
SSSSLTVHQR	2	HCD	25
SSSTPKQLIETYDK	2	HCD	25
SSSVEEKPLSHR	3	HCD	25
SSSVSLTHHVGLR	3	HCD	25
SSVDWQIR	2	HCD	25
SSVWEQDQQNVVQR	2	HCD	25
SSYADMLHDK	2	HCD	25
STCPNIATSK	2	HCD	25
STFAGSPER	2	HCD	25
STGELVVQWHLK	2	HCD	25
STGSIVGQQPFGGAR	2	HCD	25
STITEIK	2	HCD	25
STLFHFVER	3	HCD	25
STLQPMPNGTPVNLLGTSK	2	HCD	25
STLTDSLVCK	2	HCD	25
STMQELNSR	2	HCD	25
STMVDPAINLFFLK	2	HCD	25
STNDDATYTVTAQGEK	2	HCD	25
STQYQSLLR	2	HCD	25
STTPGGTGIKPFLER	2	HCD	25
STVEGIQASVK	2	HCD	25
STWEEEDSGYGSSR	2	HCD	25
STWHVFPVSSSIQR	3	HCD	25
SVAGGEIRGDTGGEDTAAPGR	2	HCD	25
SVAGGFVYTYK	2	HCD	25
SVDNYYHLLTTR	3	HCD	25
SVDYEVFGR	2	HCD	25
SVEGLQEGSVLR	2	HCD	25
SVFALTNGIYPHK	3	HCD	25
SVFGHICSHLTPR	4	HCD	25
SVFSQSGNSR	2	HCD	25
SVHFPGQAVGTR	3	HCD	25
SVIDYQTHFR	3	HCD	25
SVIEDVINDVR	2	HCD	25
SVLAACSK	2	HCD	25
SVLDNITTDK	2	HCD	25
SVLIGEFLEK	2	HCD	25
SVLRPAVLQAPQPK	3	HCD	25
SVQNLANLVEFGAK	2	HCD	25
SVRPGVAIADFVIFPPR	3	HCD	25
SVSGPIEVLLVNK	2	HCD	25
SVSTSTTFVQGR	2	HCD	25
SVYLYLSSLR	2	HCD	25
SWGLDNLHLVKDWR	2	HCD	25
SYDYQSVCEPGAAPK	2	HCD	25
SYECAEFGKSFTWK	3	HCD	25
SYECNEYGKLCK	2	HCD	25
SYICSECGKGFTGK	3	HCD	25
SYLIAHQKTHTGER	3	HCD	25
SYPDYMYGSPGELR	2	HCD	25
SYYDILGVPK	2	HCD	25
TAAELLQSQGSQAGGSQTLK	2	HCD	25
TAARANSPEEEVVR	2	HCD	25
TAASPEKPQTTKATGR	3	HCD	25
TAAVSAIATK	2	HCD	25
TAEEESVPLWKR	2	HCD	25
TAEEQGELAFQDAK	2	HCD	25
TAIFAFNISHVSNK	2	HCD	25
TAIQSLPWWTLR	2	HCD	25
TALAPLLK	2	HCD	25
TALGEHLLNVGVNR	3	HCD	25
TALLHVFAK	2	HCD	25
TAQDPGISPSQSLCAESSR	2	HCD	25
TASTNNIAQAR	2	HCD	25
TATVSSPLTSPTSPSTLSLK	2	HCD	25
TAVPSPVEAAAASDPAAAR	2	HCD	25
TAWPELQQSHAVNQLK	3	HCD	25
TAYPSLRLIHAVR	4	HCD	25
TCFKLGSALLIR	3	HCD	25
TCLHAAAAGGNVECIK	3	HCD	25
TCPKPDDLPFSTVVPLK	2	HCD	25
TCTFKELVYETVR	3	HCD	25
TDAAMSELVPEPRPK	2	HCD	25
TDALLGEFR	2	HCD	25
TDEQALLSSILAK	2	HCD	25
TDEVAIHQEGR	3	HCD	25
TDFIKLFPR	2	HCD	25
TDQNPTYFLR	2	HCD	25
TDTDLYEFAK	2	HCD	25
TDTYGNKDPTAASR	3	HCD	25
TDWDAGFKEGR	3	HCD	25
TDYNSLDRIMASK	2	HCD	25
TEAESWYQTK	2	HCD	25
TEAWVLETAGR	2	HCD	25
TEEEAYALKK	2	HCD	25
TEEGEIDYSAEEGENRR	2	HCD	25
TEEGPTLSYGR	2	HCD	25
TEEPLSGVKDR	3	HCD	25
TEEVNITIHK	2	HCD	25
TEITDLRR	2	HCD	25
TEKEVLESPK	3	HCD	25
TEKVAYAGFTR	2	HCD	25
TELLPGDRDNLAIQTR	2	HCD	25
TEMVTISDASQR	2	HCD	25
TESGYGSESSLR	2	HCD	25
TETPPPLASLNVSK	2	HCD	25
TFAPSFQQEASR	2	HCD	25
TFEEALAR	2	HCD	25
TFFPDGEDRPVR	2	HCD	25
TFFPQQRSQSEK	3	HCD	25
TFGDVLQPAKPEYR	3	HCD	25
TFHKVLALR	3	HCD	25
TFISECKDLPNSGK	3	HCD	25
TFLPGAGNEVLELR	2	HCD	25
TFNPGAGLPTDK	2	HCD	25
TFSDGLHYDEK	2	HCD	25
TFSQSSHLVQHR	3	HCD	25
TFSSGSDLTQHHR	4	HCD	25
TFTTQETITNAETAK	2	HCD	25
TFVDFFSQCLHEEYR	3	HCD	25
TGAGHGSVSVTMIK	2	HCD	25
TGAQELLR	2	HCD	25
TGASALVYAINADDKDALK	3	HCD	25
TGDQAADSSLGSVK	2	HCD	25
TGERPSQENGIQK	3	HCD	25
TGFSIRPVAGYLSPR	2	HCD	25
TGFSTSPESPYTHWK	2	HCD	25
TGGIVMLGR	2	HCD	25
TGISDVFAK	2	HCD	25
TGLLMKLLSEQQELR	2	HCD	25
TGPNLHGLFGR	3	HCD	25
TGQLLPGR	2	HCD	25
TGRTCLVVTHR	3	HCD	25
TGTAYTFFTPNNIK	2	HCD	25
TGVFSTR	2	HCD	25
TGVHDADFEAHIIDMLAK	3	HCD	25
TGVLAAVLASQPSIPR	2	HCD	25
TGVTGVLQELDLQLK	2	HCD	25
TGYVPSNYVER	2	HCD	25
THMISMHPITRK	3	HCD	25
THNVHVEIEQR	2	HCD	25
THPDDSAGEASSR	2	HCD	25
THTGQKPFACPECGK	3	HCD	25
THVTHHPISDHEVTLR	4	HCD	25
THWVPQADKR	3	HCD	25
TIDNADSSTLHAVTFLR	2	HCD	25
TIEAEAAHGTVTR	2	HCD	25
TIEDIMELK	2	HCD	25
TIGSTYMAASGLNDSTYDK	2	HCD	25
TIHTGEKPYECNK	3	HCD	25
TIIGDFQK	2	HCD	25
TIIIHHEAIFPSPR	4	HCD	25
TIISYIDEQFERYLH	3	HCD	25
TILETSFHQHR	2	HCD	25
TILMKALQCQR	2	HCD	25
TIRDLEVVEGSAAR	3	HCD	25
TIVEAASDEERLK	2	HCD	25
TIVNQISYTPQDPR	2	HCD	25
TKLQEAQLELADIK	2	HCD	25
TKPLPSIDSLGPPPPK	2	HCD	25
TKPQVEIGAETGARSGPR	3	HCD	25
TKYEHELALR	3	HCD	25
TLAMDTILANAK	2	HCD	25
TLDEYWR	2	HCD	25
TLDIFSHITTLK	2	HCD	25
TLDTGETPSETK	2	HCD	25
TLEEQGVAHNVK	3	HCD	25
TLELQASSAQDKEEWIK	3	HCD	25
TLEQHENFVEVAR	2	HCD	25
TLEQQENFEEVAR	2	HCD	25
TLEYKPSPLVR	3	HCD	25
TLGAFSRPPQR	2	HCD	25
TLGDTGFMPPDK	2	HCD	25
TLGSANLPLAK	2	HCD	25
TLHLQTGNLLNWGR	2	HCD	25
TLLDPFQFVR	2	HCD	25
TLNVLFDSLQER	2	HCD	25
TLQLALDLVSSR	2	HCD	25
TLSEYARPHVMSPTNR	3	HCD	25
TLSLDEVYLIDSGAQYK	2	HCD	25
TLSLHYFEEPELR	3	HCD	25
TLTGAELELAEAQR	2	HCD	25
TLVAGTIWNLK	2	HCD	25
TLVSPNKAETK	3	HCD	25
TLYQLQAER	2	HCD	25
TMAAATLKAFFK	3	HCD	25
TMENSAIK	2	HCD	25
TMNISPEQPQH	2	HCD	25
TNCLDCLDR	2	HCD	25
TNGLPVQNGIDADVK	2	HCD	25
TNQCAGEFVITFPR	2	HCD	25
TNQQDSDIEALAR	2	HCD	25
TNQYGILFK	2	HCD	25
TNTQEKSFAYSK	2	HCD	25
TNYQSFHFNK	2	HCD	25
TPAPPEPGSPAPGEGPSGR	2	HCD	25
TPEEYPESAK	2	HCD	25
TPEVSFLPEEATEEAGVR	3	HCD	25
TPGEFYHNTLSFLK	2	HCD	25
TPGFAESGQSSGQFQGR	2	HCD	25
TPIQVLHEYGMK	3	HCD	25
TPKPGYPSSEEPSSK	3	HCD	25
TPLHEIALSIK	3	HCD	25
TPLYDLR	2	HCD	25
TPPLITDYR	2	HCD	25
TPPVPDSGSANGSFFAPSR	2	HCD	25
TPQQLWYTHEK	3	HCD	25
TPSLHDSDNDELSCR	2	HCD	25
TPSTVTLNNNSAPANR	2	HCD	25
TPTEEKPYECK	3	HCD	25
TPVCSEDQGPTR	2	HCD	25
TPVQAAAVSIVEKPVTR	2	HCD	25
TQADELPACLLSAAR	2	HCD	25
TQAQVNSPIVTENK	2	HCD	25
TQDPSSPGTTPPQAR	2	HCD	25
TQEHTPTPDDHVFR	4	HCD	25
TQHPTDMNATSSR	3	HCD	25
TQIDHYVGIAR	3	HCD	25
TQLYEYLQNR	2	HCD	25
TQQPGLEVVAEIAGHAPAR	3	HCD	25
TRAQLLDDIFIR	2	HCD	25
TRFLEGLSEAVTTK	2	HCD	25
TRGGEAALASAR	3	HCD	25
TRLIMQNILEPSYR	3	HCD	25
TRPLQDVEGR	3	HCD	25
TSASVSDIIVVAK	2	HCD	25
TSFEIAELK	2	HCD	25
TSGQPSDAGSRPLLR	3	HCD	25
TSGVPSGFNFTAPPVLGK	2	HCD	25
TSIYTKHLER	3	HCD	25
TSLVATPGIDKLTEK	3	HCD	25
TSMNERETGML	2	HCD	25
TSPATNQAAGQEEK	2	HCD	25
TSQLLPCSPSKQSEDGPK	2	HCD	25
TSSAEVTIQNVIK	2	HCD	25
TSSSVSSTSATINGGLR	2	HCD	25
TSTGEKLSEFNQSEK	2	HCD	25
TSTQEKSFECSHCGK	3	HCD	25
TSVIQGIHTDHNTLK	3	HCD	25
TSVPCAGATAFPADSDR	2	HCD	25
TTATPLSPLKPPR	2	HCD	25
TTAVLVFDERTADR	2	HCD	25
TTFGLKILFAIDGER	3	HCD	25
TTHHLVYPESFR	2	HCD	25
TTINNEYNYR	2	HCD	25
TTKPPTLRSFLSPI	2	HCD	25
TTLLDAMSGR	2	HCD	25
TTPSGLQIMPLK	2	HCD	25
TTQGLTALLLSLK	2	HCD	25
TTQSKIFQCDK	3	HCD	25
TTRFGTLFER	2	HCD	25
TTSISAGNEEFQDAIR	2	HCD	25
TTTLSGTAPAAGVVPSR	2	HCD	25
TTVASDKLLTK	2	HCD	25
TTVMHLVAR	2	HCD	25
TTYLVLDEADR	2	HCD	25
TVALDGTLFQK	2	HCD	25
TVDPEQARGVLK	2	HCD	25
TVDYFTSKVHNK	3	HCD	25
TVEVPFKGDVEHTIR	4	HCD	25
TVFGVEPDLTR	2	HCD	25
TVGAALDILCPSGPIK	2	HCD	25
TVIPGMPTVIPPGLTR	2	HCD	25
TVISQSLSK	2	HCD	25
TVLDQARQAR	3	HCD	25
TVLEMYGHFSGINR	3	HCD	25
TVQGPPTSDDIFER	2	HCD	25
TVSFSSMPTEK	2	HCD	25
TVVDLSEVYKPR	3	HCD	25
TWELSKQWSEK	2	HCD	25
TYDEKPVDFLEFR	2	HCD	25
TYEMSASDTR	2	HCD	25
TYGLPCHCPFK	2	HCD	25
TYNDALFR	2	HCD	25
TYVLAAESQDAMEGWVK	2	HCD	25
VAALGSDLHVDVK	3	HCD	25
VAAPDVVVPTLDTVR	2	HCD	25
VACALTLPFICR	2	HCD	25
VAEGTQVLELPFK	2	HCD	25
VAEMAQQHPGLQK	3	HCD	25
VAGAQIQGAK	2	HCD	25
VAILVPHR	2	HCD	25
VALAGEYGAVTYRK	2	HCD	25
VALLCGPPGLGK	2	HCD	25
VANYTSTGRFK	2	HCD	25
VAPLYYINK	2	HCD	25
VAQATKPAFESSR	3	HCD	25
VAQAWELAQFIHHTSK	3	HCD	25
VAQGIVSYGR	2	HCD	25
VASMAPVTAEGFQER	2	HCD	25
VATEEKPEAEEAEK	3	HCD	25
VATEEKPEAEEAEKK	4	HCD	25
VATWLKSDVGLGESPQPK	3	HCD	25
VAVAAASKPHVEIR	4	HCD	25
VAVLGASGGIGQPLSLLLK	2	HCD	25
VAVVDYVEPSPQGTR	2	HCD	25
VAVVQYSGTGQQRPER	2	HCD	25
VAYGIDSLFSFYHNKPK	4	HCD	25
VCEEIAIIPSKK	3	HCD	25
VCHAHPTLSEAFR	3	HCD	25
VCLEYNEELEK	2	HCD	25
VCNFLASQVPFPSR	2	HCD	25
VCPQIDADNATDNK	2	HCD	25
VCTISSTGPLQPQPKK	3	HCD	25
VDAAFNWSK	2	HCD	25
VDDQIYSEFRK	2	HCD	25
VDEFVTHNLSFDEINK	2	HCD	25
VDEIFGQLR	2	HCD	25
VDLPGSSTTLTK	2	HCD	25
VDLVDENFTELR	2	HCD	25
VDPEELFTKLDR	2	HCD	25
VDQSILTGESVSVTK	2	HCD	25
VDSEGDFSENDDAAGDFR	2	HCD	25
VDTNTHGSGFPVGKS	3	HCD	25
VDVERDNLLDDLQR	3	HCD	25
VDVLSWVHGSR	3	HCD	25
VEAANVHIDPK	2	HCD	25
VEAKASHGQGR	3	HCD	25
VECLEVETTDVTGHER	2	HCD	25
VEDVPIPIYFPPESQR	2	HCD	25
VEEIICGLIK	2	HCD	25
VEGALSSARAAR	2	HCD	25
VEGDPDFYKPGTSYR	2	HCD	25
VEGFLCEVPAMIK	2	HCD	25
VEGHVFPEFK	2	HCD	25
VEGPAFTDAIR	2	HCD	25
VEHSDLSFSK	3	HCD	25
VEIQNLTYAVK	2	HCD	25
VELQHISQK	2	HCD	25
VENGHIYDTIVNVKETR	4	HCD	25
VENIKIWLSLR	3	HCD	25
VEPNLDAALYWPLNQK	2	HCD	25
VESLVALLNNSSEMK	2	HCD	25
VETERAQLEDGR	3	HCD	25
VEVATLLGEPPMASLR	2	HCD	25
VEVYLTELK	2	HCD	25
VFDGGVVDDESYEIR	2	HCD	25
VFEDESGKHWSK	3	HCD	25
VFEHFLENLDK	2	HCD	25
VFENILLSSYTGR	2	HCD	25
VFFDVDIGGER	2	HCD	25
VFLQNLLSVSQAR	2	HCD	25
VFNCISYSPLCK	2	HCD	25
VFNLYPR	2	HCD	25
VFPALAGQAPEEQGEIIK	2	HCD	25
VFQCGKYANIFHK	3	HCD	25
VFSGLVSTGLK	2	HCD	25
VFSVWPSGARSEQR	2	HCD	25
VFTPEDRLGK	2	HCD	25
VFTTGFSR	2	HCD	25
VFVLTSNFQAIR	2	HCD	25
VGALASLIR	2	HCD	25
VGDSLCQMKEYK	3	HCD	25
VGEAQSKETLSGHK	2	HCD	25
VGEGPGVCWLAPEQTAGK	2	HCD	25
VGFFKPPAAKP	2	HCD	25
VGGDSMLARLLR	2	HCD	25
VGGEGAEEQPPGAER	2	HCD	25
VGGTSDVEVNEKK	2	HCD	25
VGHDYQWIGLNDK	3	HCD	25
VGIVAWHPTAR	3	HCD	25
VGLNWLALVHK	3	HCD	25
VGLSGAPADACSTAQK	2	HCD	25
VGNCLIGGVSFTYCCTR	2	HCD	25
VGNPWDPNVLYGPLHTK	3	HCD	25
VGPDAAGDCVTAASGGR	2	HCD	25
VGPLLACIIGTQFR	2	HCD	25
VGQYICK	2	HCD	25
VGSGDTNNFPYLEK	2	HCD	25
VGVLLDILQR	2	HCD	25
VHAFLIHTLR	3	HCD	25
VHFALLGTWDEK	3	HCD	25
VHLAPIPDPSPGYSSLK	3	HCD	25
VHLETAEKLDR	3	HCD	25
VHLQQADAHLK	3	HCD	25
VHNNIVYNEYISHR	3	HCD	25
VHQLEDTASIFSLK	3	HCD	25
VHSDSETDDIGFIPSK	3	HCD	25
VHSVGHFPVSIR	3	HCD	25
VHVAEALEEAAAK	2	HCD	25
VHVVFSTER	2	HCD	25
VIAEGDLGIVEK	2	HCD	25
VIAIDSDAESPAKR	3	HCD	25
VIATDINESK	2	HCD	25
VIDCLYTCK	2	HCD	25
VIDTTTLPVYPK	2	HCD	25
VIECSYTSADGQR	2	HCD	25
VIELENWTEGK	2	HCD	25
VIESGPHCANTEIIVK	3	HCD	25
VIFPYEAQNDDELTIK	2	HCD	25
VIGDYLGERDEFNIK	3	HCD	25
VIHTGVKPYK	3	HCD	25
VILHGEHAVVHGK	3	HCD	25
VILLELSKSIR	3	HCD	25
VINEPTAAALAYGLDK	2	HCD	25
VIQCFAETGQVQK	2	HCD	25
VISGGGEGEVR	2	HCD	25
VITFIDLAGHEK	3	HCD	25
VIVDFSSPNIAK	2	HCD	25
VIVEMIHFK	3	HCD	25
VIVWDSFTTNK	2	HCD	25
VIWKVMSILK	3	HCD	25
VKDATQITQGPR	3	HCD	25
VKDAVEQQGEVK	3	HCD	25
VKEEIIEAFVQELR	3	HCD	25
VKPAPDETSFSEALLK	3	HCD	25
VKQELLEEVKK	2	HCD	25
VKTEALIR	2	HCD	25
VLAAGGLGPGAPLISLDPAHR	3	HCD	25
VLAEFSAIR	2	HCD	25
VLALSFDAPGR	2	HCD	25
VLCIIQDTTNSK	2	HCD	25
VLDELTLTR	2	HCD	25
VLDMDTRSLWTLAQAR	3	HCD	25
VLDQWFESEPLK	2	HCD	25
VLEEEENKPNPVTQR	2	HCD	25
VLENIELNKK	2	HCD	25
VLENVEHYQELK	2	HCD	25
VLESVVADLLNR	2	HCD	25
VLEVQIQTLNIQK	2	HCD	25
VLFIPSSPGVFR	2	HCD	25
VLGALLFVK	2	HCD	25
VLGFCQLNLPSGK	2	HCD	25
VLGIQEAQMQEDRR	2	HCD	25
VLGLIKPLEMLQDQGKR	4	HCD	25
VLGVENLR	2	HCD	25
VLHDTMDLNHLLK	4	HCD	25
VLHLQENNIQTISR	3	HCD	25
VLHVSENPVPLTVR	3	HCD	25
VLIKEYGCGPSGQVVSR	2	HCD	25
VLIMDHPSMR	2	HCD	25
VLLAVYHMK	2	HCD	25
VLLEELEALK	2	HCD	25
VLLGQDEPLIHVFAK	2	HCD	25
VLLGVGDPK	2	HCD	25
VLNTNIDGR	2	HCD	25
VLPGGDTYMHEGFER	3	HCD	25
VLPLSVTHFYSATK	2	HCD	25
VLPMLNPDGVIVGNYR	2	HCD	25
VLQALGSEPIQYAVPVVK	2	HCD	25
VLQRLDDVQEIFHK	4	HCD	25
VLSAMIR	2	HCD	25
VLSDNIQGITK	2	HCD	25
VLSNGVQFSR	2	HCD	25
VLSSLGYHVVTFDYR	3	HCD	25
VLSVAEVAATTATPDGGPR	2	HCD	25
VLTHSELAPLR	3	HCD	25
VLVAFGQR	2	HCD	25
VLVEFSHK	2	HCD	25
VLVEGGSDEKR	3	HCD	25
VLVTTNVCAR	2	HCD	25
VLYLPLFMEAFSR	2	HCD	25
VLYVGGLAEEVDDK	2	HCD	25
VMAIQDFKPFENLR	3	HCD	25
VMHSEDEPYKCK	3	HCD	25
VMPTPTNQFK	2	HCD	25
VMVDANEVPIQK	2	HCD	25
VNAIEEVNNNVK	2	HCD	25
VNELLLSILNPTR	2	HCD	25
VNERLSQLEEER	2	HCD	25
VNFGPYDNYIPVSELSK	2	HCD	25
VNIVPVIAK	2	HCD	25
VNLQMVYDSPLCR	2	HCD	25
VNNTLVDDYYDESKR	2	HCD	25
VNPEPTHEIR	2	HCD	25
VNPVTALTLLEK	2	HCD	25
VNQGLIR	2	HCD	25
VNQLKEENERLEAK	2	HCD	25
VNQLKEENERLEAK	4	HCD	25
VNSYKCEECGK	3	HCD	25
VNVCEHCLVANHAK	3	HCD	25
VPAAHTTEVTFLKPQR	3	HCD	25
VPADLGAEAGLQQLLGALR	2	HCD	25
VPANPASVSTVPSK	2	HCD	25
VPDTCRASIK	2	HCD	25
VPEANILGQIGHGYK	3	HCD	25
VPEILQLSDALR	2	HCD	25
VPGIPSGMETLK	2	HCD	25
VPGNFTFTHK	3	HCD	25
VPISHKCAYIEFK	3	HCD	25
VPLPLAASLMSSELAR	2	HCD	25
VPNQYTHLSGLLDIFK	2	HCD	25
VPPFVDLNVNSNEGK	2	HCD	25
VPPTEKPHVCSECGK	3	HCD	25
VPPTLNGHLNPTSEK	3	HCD	25
VPSELGLGEEFTIQVK	2	HCD	25
VPSLELIFIR	2	HCD	25
VPSPFGPR	2	HCD	25
VPTTEKPTVTVNFR	3	HCD	25
VPVPPNVAFELDR	2	HCD	25
VPVVSLHSTDNPAK	2	HCD	25
VQAELDQVVGR	2	HCD	25
VQDAYTLR	2	HCD	25
VQDLLEFLHEK	3	HCD	25
VQEFDSGLLHWR	2	HCD	25
VQEMNYIQK	2	HCD	25
VQFWDSATGTLVK	2	HCD	25
VQGTPPVQSVVFSATK	2	HCD	25
VQIAVANAQELLQR	2	HCD	25
VQIQESVR	2	HCD	25
VQLDLAETDLSQGVAR	2	HCD	25
VQLTPGQTEVK	2	HCD	25
VQNEGSWNSYVDYK	2	HCD	25
VQNFPEILCIHLK	3	HCD	25
VQNQFLWEKYK	3	HCD	25
VQQVIENHILK	2	HCD	25
VQSGCDKEALLTGGGSENR	2	HCD	25
VQSLQQSCR	2	HCD	25
VQSWKEEEK	3	HCD	25
VQTCQNKAQVR	3	HCD	25
VQVLLGAHSLSQPEPSK	2	HCD	25
VQVLLGAHSLSQPEPSKR	3	HCD	25
VQYEPAHLAPLR	2	HCD	25
VQYTETEPYHNYR	2	HCD	25
VRGEPLQVER	3	HCD	25
VRLFVFPDTVGSTR	3	HCD	25
VRPCIDLIDSLR	3	HCD	25
VRSFPQSSQLSQETVR	3	HCD	25
VRVELSNGEK	3	HCD	25
VSDATGQMNLTK	2	HCD	25
VSDSLTDLALK	2	HCD	25
VSENPYTSGIIASK	2	HCD	25
VSFTGSVPTGMK	2	HCD	25
VSGFTEHIEDVK	2	HCD	25
VSGGPSLEQR	2	HCD	25
VSGQPQSVTASSDK	2	HCD	25
VSGVHWGYEETK	2	HCD	25
VSLDEDNDR	2	HCD	25
VSLDVNHFAPDELTVK	2	HCD	25
VSLMSPDQLR	2	HCD	25
VSLSPHSPLLSPK	2	HCD	25
VSMSPGDQVMEGK	2	HCD	25
VSPNPELLSLLQNSEGK	2	HCD	25
VSPQERSQQNQSAPK	3	HCD	25
VSQDAAPGSPLDK	2	HCD	25
VSQDLLLSAHSTLQLAR	3	HCD	25
VSSELQQTWTKR	2	HCD	25
VSSEPSGVTCGAGGAEDSR	2	HCD	25
VSSTEDWSFNSK	2	HCD	25
VSTVHIMK	2	HCD	25
VSVNDFIIK	2	HCD	25
VSWLGEEPVAGVWSEK	2	HCD	25
VTDFQGNDFDNDPNR	2	HCD	25
VTEDEEPPTEQDKR	3	HCD	25
VTEFGGELHEDGGK	2	HCD	25
VTEGLTDVILYHQPDDK	3	HCD	25
VTEVLPWIYSKMEVR	2	HCD	25
VTEVWTLPQVAGQR	2	HCD	25
VTFVFTPSQHWCK	2	HCD	25
VTGIITQGAK	2	HCD	25
VTHVEDLNAK	3	HCD	25
VTISVDTSRNQFSLNLR	3	HCD	25
VTLEQDSRMK	2	HCD	25
VTLGTQQR	2	HCD	25
VTNEPSVDNHLDLRK	3	HCD	25
VTNIGNQQIDK	2	HCD	25
VTPDIEESLLEPENEK	2	HCD	25
VTQEFLEYHVNGDVK	2	HCD	25
VTQSDLYK	2	HCD	25
VTSLTACLVDQSLR	2	HCD	25
VTSSIPVFDLQDGGR	2	HCD	25
VTTNKNATSISAK	2	HCD	25
VTTVTEIGKDVIGLR	3	HCD	25
VTYESLTSGIVAIHSGFK	2	HCD	25
VTYFCNDGYRLSSK	2	HCD	25
VTYMEASAK	2	HCD	25
VVDVLDSIK	2	HCD	25
VVEGNHVVYR	3	HCD	25
VVELETQDHIHR	3	HCD	25
VVFQEIWEEAYQR	2	HCD	25
VVGAFPMAK	2	HCD	25
VVGDVAYDEAK	2	HCD	25
VVINPYFGLGAPDYSK	2	HCD	25
VVITVQQLSNK	2	HCD	25
VVLEAPLITESALEVVR	2	HCD	25
VVMQNENER	2	HCD	25
VVNIIPVIAK	2	HCD	25
VVQEVVDGK	2	HCD	25
VVRELFSGFK	3	HCD	25
VVSIIAELLSTK	2	HCD	25
VVSISSEHLEPITPTK	3	HCD	25
VVSNTIEPLTLFHK	3	HCD	25
VVSTHNLWLLSFLR	3	HCD	25
VVSVDENFRPR	3	HCD	25
VVTMEVEAR	2	HCD	25
VVVDGSGQCHSTDTVK	2	HCD	25
VVVDPVVTEQPSTSSAAK	2	HCD	25
VVVGEPTEARVVPGR	3	HCD	25
VVVHHVTVSPLRTDSPK	3	HCD	25
VVVHPLVLLSVVDHFNR	4	HCD	25
VVVTVEQTEEELER	2	HCD	25
VVVVTGANTGIGK	2	HCD	25
VWGVPIPVFHHK	3	HCD	25
VWKDATYSSK	3	HCD	25
VWQVTIGTR	2	HCD	25
VWRPAWEQGPK	3	HCD	25
VYFPEQIHDVVR	2	HCD	25
VYHGMNTGYAINPSR	3	HCD	25
VYINLDKETK	2	HCD	25
VYISSPHSSPAHNK	2	HCD	25
VYISSPHSSPAHNK	4	HCD	25
VYLDNLPSASMYER	2	HCD	25
VYLQNEYK	2	HCD	25
VYPEVTVYPAK	2	HCD	25
VYTQVEFK	2	HCD	25
WAERQVGALGAESR	2	HCD	25
WAQEDLLEEQK	2	HCD	25
WDETSLGFLDTPLARR	2	HCD	25
WEAFDVADAMRR	2	HCD	25
WEALHAAECPCGPSLIR	3	HCD	25
WEDLKSR	2	HCD	25
WEEKTGQRPSEAK	3	HCD	25
WIDETPPVDQPSR	2	HCD	25
WLAGLLK	2	HCD	25
WLIPGQEQEHVE	2	HCD	25
WLTDEDTR	2	HCD	25
WMDEAQSLDTADR	2	HCD	25
WNTDSVEEFLSEKLER	3	HCD	25
WPEVDDDSIEDLGEVKK	3	HCD	25
WPSKPLTYSLK	3	HCD	25
WQINSRRINPK	3	HCD	25
WQTAVFNR	2	HCD	25
WSTANPSTVAGR	2	HCD	25
WVATFCSKAK	3	HCD	25
WVDLTMDDIR	2	HCD	25
WVPLHLDVVR	3	HCD	25
WWGGQPLWITATK	2	HCD	25
WYLSAFHAGR	3	HCD	25
YAAICEPLR	2	HCD	25
YAEAENTIDQLR	2	HCD	25
YAGFMVPYFLRK	2	HCD	25
YAPGLPCDVYTYLHEK	2	HCD	25
YATIVLELEQLNK	2	HCD	25
YCDPDSYHR	2	HCD	25
YCLELTEAGLK	2	HCD	25
YCSGSCDAAETTYDK	3	HCD	25
YDIDLPNKK	2	HCD	25
YDLASHLGIR	2	HCD	25
YDNMTFEGEFKNGR	3	HCD	25
YDPDHVCNASDNTGR	2	HCD	25
YDPDKDEWHK	2	HCD	25
YDSLLEQGLVEAALVSK	2	HCD	25
YDYDNLPR	2	HCD	25
YDYVLTGYTR	2	HCD	25
YEASILTHDSSIR	2	HCD	25
YEAYRTLAILGCLNK	3	HCD	25
YEDFVVDGFNVLYNK	2	HCD	25
YEQCMKILR	2	HCD	25
YERGQNLDLK	3	HCD	25
YETLFQALDR	2	HCD	25
YETSSTSAGDRYDSLLGR	3	HCD	25
YFACLMR	2	HCD	25
YFCLFKPQK	3	HCD	25
YFETEQMAHAVR	2	HCD	25
YFGELLADLSR	2	HCD	25
YFHDDDNLSLNDLVK	3	HCD	25
YFIQMADFHRHEK	3	HCD	25
YFSADHCSSVDHR	3	HCD	25
YFSLQATHPLGFDDVVR	3	HCD	25
YFVALNK	2	HCD	25
YGGDYLQAR	2	HCD	25
YGHALCLQK	3	HCD	25
YGINTDPPK	2	HCD	25
YGIPEHETLVLK	3	HCD	25
YGKDLLNLSR	3	HCD	25
YGPQGGCADHSVFER	2	HCD	25
YGPYSAAGLPVEHHTFR	2	HCD	25
YGPYSAAGLPVEHHTFR	4	HCD	25
YGQKPEVPNGVSPGHR	4	HCD	25
YGVNPER	2	HCD	25
YHAASAEEQATIER	3	HCD	25
YHEYSHYK	3	HCD	25
YHIGDEILVSGGIGALVR	3	HCD	25
YHMQIVGEIQR	3	HCD	25
YHVSEKPYGIVEK	2	HCD	25
YHVTFFGETVSR	2	HCD	25
YHVVSGADDYTVK	2	HCD	25
YHYDGICIKK	2	HCD	25
YIDTEHGGSQAR	2	HCD	25
YIIDTYGSHGAFYRYK	3	HCD	25
YIIEELNVR	2	HCD	25
YILAATLDNTLK	2	HCD	25
YINVGDLAR	2	HCD	25
YITDWQNVFR	2	HCD	25
YIVLQDTCSK	2	HCD	25
YKENPDIVNQSQQAQAR	2	HCD	25
YKFEVYEK	2	HCD	25
YKSQILNLEESK	3	HCD	25
YLAADKDGNVTCER	3	HCD	25
YLADGDLHSDGPGR	3	HCD	25
YLADLPTLEDHQK	3	HCD	25
YLAEVAAGDDKK	3	HCD	25
YLAEVACGDDRK	2	HCD	25
YLAPSGPSGTLK	2	HCD	25
YLAVESPFLK	2	HCD	25
YLAVVHAVYALKVR	3	HCD	25
YLDEDTIYHLQPSGR	3	HCD	25
YLDLSYNDIR	2	HCD	25
YLEATGQLPVK	2	HCD	25
YLEEIATQMR	2	HCD	25
YLEHGEYEGNLYGTK	3	HCD	25
YLGDFADTLGLR	2	HCD	25
YLHARTFAALSR	3	HCD	25
YLHFLEGTR	3	HCD	25
YLIGSGDNPTIVQEGCR	2	HCD	25
YLKICYLSYGVWLK	3	HCD	25
YLLEHLHPFLQR	3	HCD	25
YLNPFFTR	2	HCD	25
YLPNPSLNAFK	2	HCD	25
YLQEIYNSNNQK	2	HCD	25
YLSGIAHFLEK	3	HCD	25
YLSSLNFVHR	3	HCD	25
YLTNAYSR	2	HCD	25
YLTPMASTR	2	HCD	25
YLTVAAVFR	2	HCD	25
YLVGEHQADLEVANR	3	HCD	25
YLYTLVITDKEK	2	HCD	25
YMELRGYPLR	3	HCD	25
YMLVTFEEPPYAIK	2	HCD	25
YNDFLHDPLSLCK	2	HCD	25
YNHSHDQLVLTGSSDSR	2	HCD	25
YNHSHDQLVLTGSSDSR	4	HCD	25
YNTPGQNYSNHSKR	3	HCD	25
YNTSQQVIQDLNK	2	HCD	25
YPDINKCTK	2	HCD	25
YPICLQCGR	2	HCD	25
YPLIFSRVK	3	HCD	25
YPQLLPGIR	2	HCD	25
YPVGIEVGPQPQGVLR	2	HCD	25
YQAIFDNTTSLTDK	2	HCD	25
YQEAQEEIMK	2	HCD	25
YQGPVLLIR	2	HCD	25
YQLSVIGGPSTYK	2	HCD	25
YQPINSTHELGPLVDLK	2	HCD	25
YQQLFEDIR	2	HCD	25
YQSVYVISEEK	2	HCD	25
YQTKPQLFGGDIK	3	HCD	25
YRDPTTVTTLR	2	HCD	25
YSAFGKMFNR	2	HCD	25
YSDIEPSTEGEVIFR	2	HCD	25
YSEQMTYGISSEK	2	HCD	25
YSHHANPAIGFK	3	HCD	25
YSLINDLVK	2	HCD	25
YSLPGSSTLVLKNR	2	HCD	25
YSNSEVVTGSGR	2	HCD	25
YSQYNALNVPLHNR	3	HCD	25
YSVLLPTYNER	2	HCD	25
YTASVTVGSK	2	HCD	25
YTDDWFNSHGTR	3	HCD	25
YTFEIFDGK	2	HCD	25
YTLETRPNQEGIDVR	2	HCD	25
YTLNVLEDLGDGQK	2	HCD	25
YTQQIIQGIQQLVK	2	HCD	25
YVAAAFPSACGK	2	HCD	25
YVAVPACEHVFIWDLR	2	HCD	25
YVGVSSDSVGGFR	2	HCD	25
YVIIPTFWPTPKE	2	HCD	25
YVLPLAFGK	2	HCD	25
YVSGSLHYFR	3	HCD	25
YVTAAEDKELEAK	2	HCD	25
YVVGQTPVYVPYEIR	2	HCD	25
YVYIAELLAHK	3	HCD	25
YWDTFYK	2	HCD	25
YWHEDCLK	2	HCD	25
YYCFQGNQFLR	2	HCD	25
YYDSRPGGYGYGYGR	3	HCD	25
YYEHVDINKR	2	HCD	25
YYITIIDAPGHRDFIK	4	HCD	25
YYKPEDLPETVPYLK	3	HCD	25
YYQTIGNHASYYK	2	HCD	25
YYSPPPTNGPGPNFDLR	2	HCD	25
YYYDKNIMSK	2	HCD	25
